# Failure categories of the M5 policies' failed e1m2-v1 Attempts, given by watching each one filmed afterwards (one frame per decision); every Attempt of the doors-open policies walked to the red door first, and the keyed-shaped policy's went to the red key first
contender,seed,category,died,keys_held,progress
ppo-e1m2-d3-seed0-shaped,0,facing a wall without the key until the time ran out,False,,0.0995
ppo-e1m2-d3-seed0-shaped,1,killed while wandering without the key,True,,0.1031
ppo-e1m2-d3-seed0-shaped,2,"had the red key, stalled beside it until the time ran out",False,red,0.2436
ppo-e1m2-d3-seed0-shaped,3,killed in the armour's alcove,True,,0.0028
ppo-e1m2-d3-seed0-shaped,4,killed while wandering without the key,True,,0.0103
ppo-e1m2-d3-seed1-shaped,0,facing a wall without the key until the time ran out,False,,0.0046
ppo-e1m2-d3-seed1-shaped,1,killed while wandering without the key,True,,0.0046
ppo-e1m2-d3-seed1-shaped,2,killed while wandering without the key,True,,0.0212
ppo-e1m2-d3-seed1-shaped,3,killed while wandering without the key,True,,0.0411
ppo-e1m2-d3-seed1-shaped,4,facing a wall without the key until the time ran out,False,,0.0046
ppo-e1m2-d3-seed2-shaped,0,facing a wall without the key until the time ran out,False,,0.0075
ppo-e1m2-d3-seed2-shaped,1,killed while wandering without the key,True,,0.0043
ppo-e1m2-d3-seed2-shaped,2,killed while wandering without the key,True,,0.024
ppo-e1m2-d3-seed2-shaped,3,killed while wandering without the key,True,,0.0476
ppo-e1m2-d3-seed2-shaped,4,killed while wandering without the key,True,,0.0154
ppo-e1m2-d3-seed0-shaped-rnd,0,killed in the armour's alcove,True,,0.0013
ppo-e1m2-d3-seed0-shaped-rnd,1,killed in the armour's alcove,True,,0.0012
ppo-e1m2-d3-seed0-shaped-rnd,2,killed in the armour's alcove,True,,0.0028
ppo-e1m2-d3-seed0-shaped-rnd,3,killed in the armour's alcove,True,,0.0026
ppo-e1m2-d3-seed0-shaped-rnd,4,killed in the armour's alcove,True,,0.0006
ppo-e1m2-d3-seed0-keyed-shaped,0,"killed by monsters past the red door, before the exit",True,red,0.8826
ppo-e1m2-d3-seed0-keyed-shaped,1,"killed by monsters past the red door, before the exit",True,red,0.987
ppo-e1m2-d3-seed0-keyed-shaped,2,"killed by monsters past the red door, before the exit",True,red,0.8826
ppo-e1m2-d3-seed0-keyed-shaped,3,"killed by monsters past the red door, before the exit",True,red,0.8826
ppo-e1m2-d3-seed0-keyed-shaped,4,"killed by monsters past the red door, before the exit",True,red,0.9573
ppo-e1m2-d3-seed0-keyed-shaped-10m,1,"killed by monsters past the red door, before the exit",True,red,0.7101
ppo-e1m2-d3-seed1-keyed-shaped,0,"had the red key, killed before the red door",True,red,0.3866
ppo-e1m2-d3-seed1-keyed-shaped,1,"killed by monsters past the red door, before the exit",True,red,0.8551
ppo-e1m2-d3-seed1-keyed-shaped,2,"killed by monsters past the red door, before the exit",True,red,0.8597
ppo-e1m2-d3-seed1-keyed-shaped,3,"killed by monsters past the red door, before the exit",True,red,0.8592
ppo-e1m2-d3-seed1-keyed-shaped,4,"killed by monsters past the red door, before the exit",True,red,0.8597
ppo-e1m2-d3-seed1-keyed-shaped-10m,0,"killed by monsters past the red door, before the exit",True,red,0.9914
ppo-e1m2-d3-seed2-keyed-shaped,0,"killed by monsters past the red door, before the exit",True,red,0.8511
ppo-e1m2-d3-seed2-keyed-shaped,1,"killed by monsters past the red door, before the exit",True,red,0.8597
ppo-e1m2-d3-seed2-keyed-shaped,2,"had the red key, killed before the red door",True,red,0.3883
ppo-e1m2-d3-seed2-keyed-shaped,3,"killed by monsters past the red door, before the exit",True,red,0.832
ppo-e1m2-d3-seed2-keyed-shaped,4,"had the red key, killed before the red door",True,red,0.5405
ppo-e1m2-d3-seed2-keyed-shaped-10m,0,circled the octagonal room past the red door until killed,True,red,0.8597
ppo-e1m2-d3-seed2-keyed-shaped-10m,1,circled the octagonal room past the red door until killed,True,red,0.8597
ppo-e1m2-d3-seed2-keyed-shaped-10m,2,circled the octagonal room past the red door until killed,True,red,0.8597
ppo-e1m2-d3-seed2-keyed-shaped-10m,3,circled the octagonal room past the red door until killed,True,red,0.8597
ppo-e1m2-d3-seed2-keyed-shaped-10m,4,circled the octagonal room past the red door until killed,True,red,0.8597
