# W&B run wdkr5yea; ep_rew_mean is the Scenario's own reward, averaged over recent episodes
step,ep_rew_mean,approx_kl
2048,-145.667,
4096,-164.654,0.00200289
6144,-164.66,0.0021469
8192,-177.84,0.00257357
10240,-142.15,0.0037489
12288,-139.1,0.00174059
14336,-164.05,0.00150902
16384,-169.03,0.00315447
18432,-179.36,0.00047291
20480,-144.06,0.00166088
22528,-119.05,0.00233898
24576,-95.79,0.00367504
26624,-58.63,0.0012755
28672,-50.46,0.00274741
30720,-22.47,0.00353376
32768,26.9,0.00435635
34816,32.62,0.00403768
36864,38.15,0.0045808
38912,44.57,0.00542451
40960,46.07,0.00398052
43008,57.09,0.00411365
45056,55.76,0.00489658
47104,60.88,0.00640336
49152,66.31,0.00650786
51200,66.2,0.00709271
53248,68.22,0.00531405
55296,68.35,0.00605742
57344,66.25,0.00656172
59392,71.9,0.00713806
61440,72.37,0.00506642
63488,75.23,0.00633112
65536,76.43,0.0070626
67584,78.29,0.00718757
69632,76.15,0.00625311
71680,74.47,0.00749069
73728,76.69,0.00675732
75776,79.37,0.00831882
77824,79.52,0.00826008
79872,78.02,0.00815383
81920,79.15,0.00664113
83968,77.86,0.00475612
86016,77.07,0.00376039
88064,80.69,0.0102428
90112,80.16,0.00646253
92160,80.39,0.00387572
94208,79.85,0.00728255
96256,80.58,0.00520416
98304,79.78,0.017676
100352,80.8,0.00507918
102400,80.71,0.0104748
104448,79.09,0.00981846
106496,79.68,0.0256447
108544,78.75,0.0152137
110592,79.93,0.00503822
112640,78.79,0.00673578
114688,79.76,0.0111439
116736,79.83,0.00596979
118784,80.58,0.00908322
120832,78.54,0.00480914
122880,81.1,0.0065774
124928,79.4,0.0133891
126976,80.22,0.0194969
129024,81.74,0.0118211
131072,80.68,0.00399221
133120,80.01,0.0137804
135168,81.17,0.0133406
137216,79.58,0.0188124
139264,80.51,0.0130575
141312,81.48,0.0100314
143360,80.82,0.0147742
145408,79.73,0.00677492
147456,78.98,0.0137681
149504,79.61,0.0186667
151552,80.87,0.00458873
153600,80.64,0.00683691
155648,80.25,0.00306872
157696,78.8,0.0136678
159744,81.18,0.00955983
161792,80.67,0.00880425
163840,80.58,0.00857406
165888,81.1,0.00491384
167936,81.89,0.00942691
169984,80.65,0.00347203
172032,80.61,0.00372555
174080,79.92,0.0167245
176128,80.19,0.00777531
178176,79.05,0.00914018
180224,78.61,0.00822712
182272,80.67,0.00269211
184320,78.49,0.00529939
186368,81.42,0.00724462
188416,79.89,0.00635779
190464,79.72,0.00210005
192512,79.93,0.00433038
194560,80.18,0.00426903
196608,81.26,0.00882313
198656,80.56,0.00963529
200704,81.81,0.0096131
