# W&B run 6e2x96q3; ep_rew_mean is the Scenario's own reward, averaged over recent episodes
step,ep_rew_mean,approx_kl
2048,-145.667,
4096,-161.244,0.0713372
6144,-154.07,0.0995795
8192,-171.14,0.0433347
10240,-177.19,0.0185024
12288,-163.74,0.00847412
14336,-146.38,0.012833
16384,-151,0.00940386
18432,-159.83,0.011796
20480,-129.85,0.021986
22528,-124.13,0.0181696
24576,-50.02,0.0152629
26624,-79.79,0.0330653
28672,-97.76,0.0096412
30720,-22.38,0.0155987
32768,-35.53,0.022412
34816,12.91,0.0516985
36864,1.54,0.041488
38912,25.75,0.028879
40960,10.44,0.0504608
43008,41.01,0.027479
45056,24.1,0.0262077
47104,47.28,0.0685247
49152,41.25,0.0377107
51200,58.17,0.122664
53248,65.35,0.0580811
55296,60.69,0.350402
57344,70.99,0.0791646
59392,68.94,0.0238726
61440,69.02,0.0444294
63488,71.13,0.0569095
65536,72.73,0.015573
67584,75.25,0.0394566
69632,73.6,0.0261015
71680,76.32,0.130791
73728,74.59,0.032438
75776,71.92,0.0144517
77824,72.74,0.0172171
79872,74.29,0.0696103
81920,72.26,0.0909163
83968,78.14,0.518829
86016,75.91,0.0146463
88064,14.78,0.769127
90112,-52.03,0.763059
92160,-105.22,0.136075
94208,-145.96,0.0574684
96256,-160.91,0.108086
98304,-184.78,0.131319
100352,-177.07,0.0460911
102400,-191.89,0.0700769
104448,-212.57,0.136211
106496,-238.73,0.0475722
108544,-244.07,0.512891
110592,-227.79,0.261071
112640,-229.1,0.0706384
114688,-211.46,0.0429981
116736,-222.04,0.0155941
118784,-195.1,0.0487857
120832,-209.82,0.124874
122880,-217.39,0.0754003
124928,-241.56,0.0628174
126976,-226.92,0.0353206
129024,-210.72,0.0318176
131072,-224.46,0.0299559
133120,-242.45,0.0506881
135168,-262.89,0.0293977
137216,-270.99,0.0235537
139264,-274.21,0.0320245
141312,-272.93,0.0242896
143360,-283.06,0.0283003
145408,-289.7,0.0262701
147456,-293.12,0.0421354
149504,-294.69,0.0464675
151552,-291.34,0.0374277
153600,-282.16,0.0344467
155648,-275.53,0.0448342
157696,-272.1,0.0375274
159744,-274.58,0.0163702
161792,-249.7,0.0174522
163840,-250.14,0.0668935
165888,-250.24,0.0503855
167936,-263.55,0.0893794
169984,-283.88,0.015316
172032,-284.18,0.0435562
174080,-284.54,0.0295023
176128,-289,0.0569985
178176,-285.85,0.0380521
180224,-295.22,0.0434682
182272,-295.22,0.0361772
184320,-296.85,0.0235242
186368,-300,0.0687789
188416,-300,0.0379929
190464,-300,0.0571781
192512,-300,0.0213094
194560,-300,0.0227591
196608,-300,0.013244
198656,-300,0.0753667
200704,-300,0.0347504
