# W&B run xlch11xs; ep_rew_mean is the Scenario's own reward, averaged over recent episodes
step,ep_rew_mean,approx_kl
2048,-93.5715,
4096,-91.2334,0.00291599
6144,-91.3264,0.00261749
8192,-78.5034,0.00300092
10240,-68.084,0.00296724
12288,-63.9372,0.00183332
14336,-57.99,0.00236055
16384,-57.3687,0.00199071
18432,-56.8018,0.00244195
20480,-45.5956,0.00231985
22528,-44.8438,0.00231073
24576,-25.9496,0.00299128
26624,-10.723,0.00223807
28672,8.13267,0.00388233
30720,2.23537,0.00430186
32768,1.61261,0.00275206
34816,10.5773,0.00315933
36864,24.8236,0.00226576
38912,45.2664,0.00234511
40960,53.8038,0.00250774
43008,63.0994,0.00213935
45056,99.287,0.00150853
47104,106.551,0.00315205
49152,116.412,0.00233561
51200,129.126,0.00349805
53248,162.402,0.00314438
55296,169.687,0.00235276
57344,169.312,0.00366513
59392,192.144,0.00331616
61440,206.881,0.00164601
63488,220.424,0.00230936
65536,205.784,0.00299069
67584,206.987,0.0041598
69632,220.146,0.00276168
71680,229.213,0.00411848
73728,227.749,0.00197132
75776,228.187,0.00310321
77824,238.07,0.00335132
79872,245.144,0.00361601
81920,233.766,0.0023766
83968,241.844,0.00286286
86016,239.945,0.00284658
88064,244.492,0.00567173
90112,249.839,0.00373955
92160,250.947,0.00255781
94208,249.745,0.00313084
96256,269.935,0.00285102
98304,269.719,0.00558975
100352,278.411,0.0048303
102400,286.97,0.00257543
104448,274.478,0.00376444
106496,261.461,0.00322969
108544,277.422,0.00352405
110592,273.319,0.00258857
112640,285.307,0.00264308
114688,284.656,0.00345574
116736,276.154,0.00301623
118784,293.276,0.00216728
120832,306.535,0.00410037
122880,281.092,0.00280777
124928,282.249,0.00419422
126976,313.791,0.00202224
129024,273.713,0.00384456
131072,287.662,0.00386309
133120,294.175,0.00300678
135168,277.466,0.00396225
137216,266.075,0.00405355
139264,281.951,0.00291965
141312,292.974,0.00153113
143360,301.461,0.00349973
145408,284.867,0.00214482
147456,295.593,0.00315464
149504,298.298,0.00468405
151552,301.543,0.00363274
153600,306.222,0.00790357
155648,298.789,0.00290248
157696,299.282,0.00337379
159744,311.252,0.00269613
161792,289.931,0.0036469
163840,268.725,0.00267156
165888,282.727,0.00312768
167936,295.831,0.00345081
169984,303.646,0.00236489
172032,310.464,0.00272729
174080,323.318,0.00229056
176128,302.86,0.00239638
178176,278.784,0.00254337
180224,298.724,0.00282846
182272,296.11,0.0024125
184320,300.61,0.004371
186368,299.198,0.00269366
188416,293.629,0.00241405
190464,286.796,0.00367397
192512,294.47,0.00271549
194560,309.315,0.00339663
196608,296.161,0.00373706
198656,306.382,0.00216487
200704,309.48,0.00368064
202752,307.918,0.00230838
204800,318.372,0.00320684
206848,311.56,0.00460517
208896,288.025,0.00330818
210944,299.45,0.00515943
212992,305.879,0.00738634
215040,308.63,0.00257915
217088,307.631,0.00551834
219136,313.556,0.00298633
221184,304.803,0.00341276
223232,324.026,0.00284806
225280,304.604,0.00322912
227328,319.237,0.00361552
229376,333.816,0.00415842
231424,340.858,0.00319329
233472,326.35,0.00291083
235520,310.714,0.00390903
237568,312.029,0.0035826
239616,324.981,0.00395743
241664,316.132,0.00348933
243712,315.295,0.00380531
245760,321.24,0.00307173
247808,322.768,0.00357989
249856,309.564,0.00329842
251904,311.675,0.0033944
253952,322.548,0.00258367
256000,330.308,0.00365874
258048,314.637,0.0036229
260096,313.878,0.00239249
262144,307.585,0.00248569
264192,293.854,0.00328777
266240,307.276,0.00263181
268288,325.989,0.00359483
270336,316.367,0.00306724
272384,306.687,0.00284018
274432,321.393,0.00264758
276480,328.074,0.00503491
278528,337.824,0.00357377
280576,342.651,0.00309774
282624,327.277,0.00298359
284672,300.231,0.00561586
286720,301.969,0.00259067
288768,318.213,0.0028749
290816,317.683,0.00255592
292864,302.673,0.00460303
294912,309.572,0.00327034
296960,309.622,0.00239745
299008,317.001,0.00268127
301056,320.088,0.00257161
303104,319.744,0.00311492
305152,312.316,0.00259881
307200,302.157,0.00383551
309248,316.507,0.00258386
311296,311.924,0.00295371
313344,302.685,0.00340193
315392,296.852,0.00251713
317440,288.257,0.00434174
319488,301.932,0.00270725
321536,317.235,0.00312568
323584,337.11,0.00370156
325632,317.482,0.00369112
327680,314.169,0.00414993
329728,321.086,0.00427161
331776,307.709,0.00325339
333824,322.289,0.00333865
335872,307.542,0.00219489
337920,321.063,0.00341662
339968,310.88,0.00438519
342016,341.157,0.0031923
344064,324.555,0.00410113
346112,318.957,0.00337143
348160,317.323,0.00309835
350208,341.71,0.00442395
352256,343.157,0.00450099
354304,336.958,0.00408719
356352,339.261,0.00220237
358400,343.265,0.00303227
360448,347.101,0.00381247
362496,340.947,0.00280614
364544,347.987,0.00364854
366592,334.74,0.00576587
368640,337.674,0.00429605
370688,328.33,0.00391399
372736,317.139,0.00603472
374784,330.743,0.00389491
376832,331.515,0.00347947
378880,322.163,0.00345916
380928,304.768,0.00445156
382976,306.194,0.00366048
385024,293.909,0.0047891
387072,323.789,0.0032407
389120,321.494,0.00387805
391168,303.572,0.00252002
393216,322.996,0.00447035
395264,323.8,0.003815
397312,316.084,0.00454631
399360,312.301,0.00258574
401408,315.413,0.00310715
403456,304.634,0.00674278
405504,304.829,0.00463135
407552,317.129,0.00400076
409600,329.36,0.00350548
411648,299.591,0.00345721
413696,303.602,0.00400126
415744,328.976,0.00654378
417792,322.427,0.00503082
419840,310.286,0.00266748
421888,304.469,0.00457929
423936,303.321,0.00609367
425984,303.569,0.00363579
428032,294.329,0.00479447
430080,292.583,0.00621501
432128,310.776,0.00451659
434176,302.278,0.00478254
436224,321.267,0.00436895
438272,307.046,0.00366631
440320,303.229,0.00401684
442368,282.833,0.00436454
444416,285.54,0.00323485
446464,292.602,0.0036272
448512,296.832,0.00501111
450560,297.524,0.00399735
452608,290.969,0.00352764
454656,311.427,0.00504282
456704,304.782,0.00652465
458752,300.916,0.00199174
460800,302.174,0.00444242
462848,304.848,0.00487484
464896,289.342,0.00335968
466944,306.06,0.0043986
468992,308.88,0.00457224
471040,290.63,0.00332827
473088,291.174,0.00291204
475136,327.977,0.00329245
477184,313.137,0.00671329
479232,315.191,0.00415416
481280,306.752,0.0036907
483328,314.474,0.00453469
485376,311.547,0.00499306
487424,310.006,0.00467559
489472,307.032,0.0031496
491520,294.305,0.00345972
493568,306.915,0.00395022
495616,305.823,0.00402241
497664,308.857,0.00379582
499712,320.193,0.00367111
501760,306.065,0.00417358
503808,298.998,0.0029872
505856,307.683,0.00340315
507904,311.104,0.00380537
509952,324.592,0.00372525
512000,316.846,0.00347364
514048,309.282,0.00376374
516096,324.694,0.00429405
518144,313.235,0.00363916
520192,305.945,0.00362097
522240,322.181,0.00394646
524288,313.457,0.00512103
526336,319.624,0.00422469
528384,320.169,0.00299323
530432,322.918,0.00368809
532480,312.2,0.00351695
534528,305.39,0.00300433
536576,329.105,0.00269481
538624,334.191,0.00414708
540672,304.275,0.00580171
542720,308.476,0.00584645
544768,303.99,0.00335755
546816,306.96,0.00411821
548864,312.866,0.00539916
550912,319.02,0.00672624
552960,320.337,0.00514374
555008,320.627,0.00525576
557056,338.444,0.00373935
559104,337.867,0.0044669
561152,320.465,0.00506754
563200,313.495,0.0036473
565248,301.875,0.00339539
567296,309.272,0.00465456
569344,321.424,0.00544354
571392,315.987,0.00407665
573440,306.399,0.00546168
575488,317.826,0.00481026
577536,331.344,0.00538443
579584,320.09,0.0059569
581632,307.331,0.00398408
583680,309.01,0.00626502
585728,305.802,0.00386328
587776,301.634,0.00521404
589824,296.579,0.00551112
591872,324.837,0.00409865
593920,325.231,0.00536912
595968,332.716,0.00673363
598016,300.615,0.0068425
600064,294.821,0.00457193
602112,315.685,0.00427491
604160,322.579,0.00496923
606208,329.757,0.00407688
608256,323.103,0.00404625
610304,304.112,0.0050244
612352,289.473,0.00774795
614400,293.893,0.00598875
616448,312.45,0.00462116
618496,315.236,0.00394429
620544,313.59,0.00495499
622592,314.72,0.004873
624640,304.37,0.00576971
626688,316.735,0.00475704
628736,321.099,0.00539312
630784,298.886,0.00366541
632832,288.637,0.00399153
634880,310.027,0.00533348
636928,303.463,0.00433946
638976,330.93,0.0066
641024,329.805,0.00469728
643072,324.214,0.00497925
645120,319.661,0.0043607
647168,318.408,0.00406892
649216,304.157,0.00429942
651264,315.36,0.00397071
653312,316.223,0.00395253
655360,301.921,0.00400313
657408,319.066,0.0040465
659456,311.426,0.00441332
661504,319.392,0.00477212
663552,334.283,0.00442462
665600,316.196,0.00413391
667648,307.149,0.00514914
669696,321.12,0.00440809
671744,320.251,0.00656489
673792,316.68,0.004335
675840,325.871,0.00554569
677888,328.459,0.00634263
679936,323.467,0.00563662
681984,321.127,0.00556593
684032,321.704,0.00394963
686080,315.848,0.00513751
688128,308.768,0.00401346
690176,312.149,0.00503276
692224,319.818,0.00375167
694272,314.793,0.00511127
696320,324.973,0.00523925
698368,354.645,0.00496377
700416,345.9,0.00450388
702464,328.664,0.00532264
704512,331.029,0.00469912
706560,333.243,0.00544527
708608,321.357,0.00593499
710656,315.504,0.00596784
712704,313.317,0.00435511
714752,312.437,0.00443327
716800,327.32,0.00511998
718848,330.109,0.00511263
720896,324.325,0.00382351
722944,330.125,0.00474148
724992,346.022,0.00589579
727040,338.62,0.00426487
729088,309.971,0.00426674
731136,300.016,0.00471366
733184,320.063,0.0037761
735232,324.268,0.00520378
737280,332.963,0.00424034
739328,316.9,0.00450366
741376,321.001,0.00353782
743424,328.152,0.00628327
745472,317.977,0.00509906
747520,322.115,0.00544601
749568,310.11,0.00577013
751616,313.941,0.00495835
753664,322.237,0.00703223
755712,318.784,0.00636403
757760,312.268,0.00614711
759808,325.496,0.00456399
761856,305.984,0.00490374
763904,305.233,0.00501602
765952,324.025,0.00599238
768000,314.314,0.00580829
770048,289.928,0.00461102
772096,298.637,0.00594891
774144,306.077,0.00459933
776192,302.852,0.00500613
778240,305.319,0.00500997
780288,312.61,0.00492493
782336,301.341,0.00563331
784384,315.476,0.0054692
786432,327.296,0.005504
788480,310.621,0.00556437
790528,301.424,0.0068192
792576,307.995,0.00516063
794624,306.015,0.00502586
796672,303.376,0.00632281
798720,315.464,0.00528354
800768,328.774,0.00456861
802816,325.552,0.00635724
804864,319.177,0.00602327
806912,314.347,0.00604778
808960,325.352,0.00453144
811008,332.342,0.00562431
813056,326.756,0.00508175
815104,318.885,0.00542896
817152,304.643,0.00466716
819200,317.599,0.00423377
821248,322.625,0.00482984
823296,332.805,0.0037843
825344,308.332,0.00501956
827392,311.013,0.0042683
829440,316.983,0.00592492
831488,306.025,0.00472256
833536,308.612,0.00581967
835584,316.774,0.00432465
837632,322.373,0.00587769
839680,299.113,0.0046848
841728,311.118,0.00594817
843776,304.015,0.00549881
845824,308.828,0.00404846
847872,312.984,0.00463883
849920,303.827,0.00540663
851968,306.968,0.00436442
854016,324.36,0.00450755
856064,325.191,0.00435191
858112,323.787,0.00590021
860160,329.924,0.00554141
862208,317.537,0.00319468
864256,313.556,0.00492138
866304,332.786,0.00573277
868352,327.833,0.0038412
870400,317.282,0.00513702
872448,316.757,0.00468849
874496,305.492,0.00404882
876544,317.617,0.00550581
878592,334.542,0.00530505
880640,330.688,0.00418032
882688,300.399,0.00560112
884736,302.186,0.00475976
886784,315.898,0.00580685
888832,292.282,0.00528125
890880,312.683,0.00442929
892928,308.102,0.00568877
894976,313.133,0.00497327
897024,310.794,0.00818514
899072,317.562,0.00584022
901120,329.895,0.00640491
903168,329.645,0.00614156
905216,330.114,0.00660944
907264,311.834,0.00701772
909312,311.352,0.0103075
911360,328.954,0.00461891
913408,325.507,0.00843422
915456,316.331,0.00641395
917504,319.56,0.00555788
919552,320.056,0.00578092
921600,337.254,0.00453951
923648,336.362,0.00612749
925696,321.497,0.00537048
927744,335.564,0.00427744
929792,331.289,0.00581637
931840,333.791,0.00553049
933888,327.179,0.00745897
935936,313.944,0.00620987
937984,315.462,0.00694284
940032,316.718,0.00611107
942080,332.092,0.00452573
944128,324.48,0.00664849
946176,328.138,0.00468983
948224,330.301,0.00613082
950272,324.143,0.00706876
952320,336.913,0.00497735
954368,339.265,0.00635624
956416,339.708,0.00521151
958464,341.215,0.00582644
960512,323.562,0.00701995
962560,322.655,0.00577267
964608,340.576,0.00674186
966656,339.525,0.00752078
968704,327.537,0.00440741
970752,309.987,0.00475921
972800,328.557,0.00679492
974848,330.77,0.00423096
976896,338.501,0.00582791
978944,331.275,0.00594858
980992,324.393,0.00508305
983040,335.194,0.00583969
985088,343.18,0.00803708
987136,331.412,0.0053874
989184,334.09,0.00540782
991232,338.894,0.00536833
993280,339.666,0.00775453
995328,346.895,0.00692449
997376,330.626,0.00686927
999424,331.696,0.00616334
1001472,345.322,0.00559269
