# W&B run c6ad79c0; ep_rew_mean is the Scenario's own reward, averaged over recent episodes
step,ep_rew_mean,approx_kl
2048,-93.5715,
4096,-89.3058,0.00305258
6144,-79.8187,0.00349476
8192,-68.754,0.00410506
10240,-62.5983,0.00242645
12288,-45.021,0.00354424
14336,-39.8294,0.00353298
16384,-25.7673,0.00323253
18432,-23.4935,0.00347712
20480,-16.5475,0.00680975
22528,-5.78842,0.00317325
24576,21.071,0.00262461
26624,30.9963,0.00431745
28672,39.3058,0.00290049
30720,51.966,0.00355553
32768,49.1329,0.00306162
34816,91.7033,0.00276745
36864,104.038,0.00463527
38912,99.7664,0.0086786
40960,121.098,0.00471725
43008,129.321,0.0043239
45056,136.472,0.00229649
47104,143.148,0.00540602
49152,142.206,0.00262983
51200,144.571,0.002815
53248,162.004,0.00443243
55296,161.4,0.00769364
57344,142.799,0.00206186
59392,177.728,0.00163949
61440,159.029,0.00152618
63488,172.054,0.00309457
65536,177.68,0.00177863
67584,186.578,0.00401371
69632,169.081,0.0008283
71680,219.119,0.00109374
73728,197.474,0.00064355
75776,187.558,0.00150874
77824,200.618,0.00202144
79872,235.81,0.00665424
81920,198.28,0.000582996
83968,177.587,0.00038198
86016,222.974,0.00284599
88064,243.24,0.00153179
90112,215.571,0.00042064
92160,230.814,0.000472597
94208,240.467,0.00115264
96256,190.52,0.000415769
98304,227.283,0.00072666
100352,212.521,0.00039325
102400,231.184,0.00108733
104448,244.948,0.000418545
106496,216.244,0.000147272
108544,181.428,0.000222083
110592,205.918,9.13242e-05
112640,238.374,0.000161921
114688,236.391,0.000324612
116736,216.256,0.000956991
118784,220.921,9.93579e-05
120832,222.453,0.000240567
122880,246.186,4.85595e-05
124928,220.625,0.000176855
126976,243.651,0.00089888
129024,266.131,5.4733e-05
131072,215.649,0.000218401
133120,205.734,0.000216658
135168,199.053,0.000343764
137216,208.221,1.52001e-06
139264,203.78,0.000211655
141312,205.798,0.00020108
143360,206.894,0.000832165
145408,208.986,0.000103532
147456,230.878,0.000618683
149504,198.844,4.99852e-05
151552,226.546,0.00137185
153600,211.379,0.000218039
155648,193.446,0.00079294
157696,205.116,0.00106732
159744,235.634,9.30429e-05
161792,225.974,0.000427854
163840,216.061,8.6674e-05
165888,227.741,9.23547e-05
167936,201.231,0.00014172
169984,197.046,0.000122093
172032,206.911,0.000447157
174080,195.452,0.000471211
176128,177.99,0.0016414
178176,214.233,4.2872e-05
180224,220.535,0.000759482
182272,212.726,0.00023354
184320,230.258,0.000493162
186368,248.437,0.000412433
188416,236.885,0.000102362
190464,228.733,6.15507e-05
192512,229.574,0.00106883
194560,227.021,0.000671053
196608,253.509,0.000334572
198656,270.424,6.72583e-05
200704,232.331,9.05851e-05
202752,208.506,3.5614e-05
204800,239.768,0.000711202
206848,271.092,0.000320631
208896,227.759,0.000117663
210944,245.073,0.000144022
212992,231.489,0.000410393
215040,233.681,0.000797689
217088,201.224,0.000830087
219136,240.246,0.000111555
221184,238.228,0.000428727
223232,222.54,0.000273844
225280,230.002,0.000146309
227328,194.331,5.7068e-06
229376,234.613,3.23644e-05
231424,236.042,0.000758321
233472,228.513,0.000528452
235520,184.587,0.000161772
237568,220.769,6.71738e-05
239616,223.495,6.31913e-05
241664,235.52,5.22263e-05
243712,207.777,0.000223916
245760,257.223,1.19617e-07
247808,187.513,1.343e-05
249856,213.778,0.000318944
251904,217.82,1.70735e-06
253952,204.435,0.00020981
256000,230.537,8.40532e-05
258048,205.203,6.09551e-07
260096,247.098,0.000146887
262144,202.945,0.00016848
264192,214.185,0.000900578
266240,232.111,0.000104345
268288,193.909,0.000383635
270336,219.896,0.00214596
272384,216.965,0.000551478
274432,215.569,0.000554325
276480,217.502,0.00178006
278528,248.784,0.000150462
280576,258.671,0.000356844
282624,214.503,0.000115136
284672,220.451,0.0038644
286720,236.167,0.000750512
288768,244.132,0.0015565
290816,228.799,0.000618161
292864,244.541,0.00116023
294912,205.227,0.000521178
296960,228.994,0.000251942
299008,210.009,4.80602e-05
301056,216.898,0.000684347
303104,221.945,0.000124141
305152,244.246,0.00048277
307200,230.353,9.5651e-05
309248,233.702,6.74878e-05
311296,242.005,0.000724016
313344,213.585,3.50585e-07
315392,222.56,5.30926e-05
317440,219.989,0.000205483
319488,220.41,0.000182449
321536,220.895,2.18662e-05
323584,233.838,0.000193268
325632,196.338,3.86964e-05
327680,205.034,0.000172671
329728,204.809,6.97284e-05
331776,226.608,0.00106297
333824,218.534,4.23945e-05
335872,229.462,0.000441027
337920,222.152,0.000325308
339968,232.207,6.38784e-05
342016,225.257,2.72121e-08
344064,230.046,0.00012803
346112,219.013,0.000324462
348160,243.167,5.13101e-08
350208,219.848,7.65431e-08
352256,239.571,8.78354e-08
354304,225.01,3.22179e-08
356352,237.347,1.14931e-07
358400,224.09,0.000341203
360448,210.454,4.25614e-07
362496,230.349,0.000154772
364544,203.037,7.78845e-05
366592,223.174,0.000197746
368640,220.071,0.000495564
370688,198.725,0.001002
372736,238.548,0.00157894
374784,209.934,0.00104977
376832,234.011,0.000424629
378880,188.925,0.000563214
380928,210.584,0.000114433
382976,230.214,0.00299661
385024,208.698,0.00026539
387072,208.956,0.000400337
389120,241.807,0.000307597
391168,200.472,0.000772623
393216,199.977,8.77894e-05
395264,232.445,0.000252989
397312,226.452,0.000252181
399360,207.888,0.00137123
401408,209.579,0.00053394
403456,231.877,8.12859e-05
405504,231.163,0.00989545
407552,246.523,0.000881924
409600,207.327,0.000876744
411648,219.237,0.00356236
413696,214.518,0.00212901
415744,236.618,0.00108958
417792,211.627,0.00157213
419840,220.196,0.000196245
421888,200.005,0.000668597
423936,223.247,3.42441e-05
425984,235.317,0.000247607
428032,258.543,2.46897e-05
430080,234.877,0.00011629
432128,225.202,6.79916e-05
434176,205.696,0.000193351
436224,213.194,0.000154649
438272,209.942,6.73482e-05
440320,205.709,1.12486e-07
442368,255.464,0.000194761
444416,237.679,5.60209e-05
446464,192.87,5.0368e-06
448512,217.66,1.50176e-08
450560,216.047,7.79684e-05
452608,231.884,7.39528e-08
454656,188.392,8.27713e-08
456704,222.275,1.30094e-08
458752,210.708,2.1013e-08
460800,231.23,2.3836e-08
462848,242.812,1.12341e-08
464896,207.629,6.82194e-08
466944,211.954,5.12518e-08
468992,230.179,0.000113499
471040,263.074,1.79949e-07
473088,216.647,0.000316016
475136,218.57,0.000638951
477184,206.133,1.10595e-08
479232,221.687,2.21044e-07
481280,225.657,0.000150167
483328,249.958,6.23433e-07
485376,208.622,0.00168127
487424,212.583,0.00462856
489472,238.475,5.0351e-05
491520,183.854,3.92902e-09
493568,174.359,6.17612e-07
495616,258.442,0.00326463
497664,253.37,5.49556e-06
499712,227.855,0.000236487
501760,225.944,2.86943e-06
503808,224.571,3.19785e-05
505856,237.209,0.000168539
507904,271.339,0.000307107
509952,236.393,0.000532973
512000,233.743,0.000576478
514048,226.656,0.000409916
516096,185.927,0.000142206
518144,228.98,1.58934e-05
520192,247.053,0.00172546
522240,204.168,0.00164793
524288,194.852,0.0017166
526336,227.386,0.000447149
528384,229.159,0.00097008
530432,234.223,0.00101848
532480,217.156,0.000459039
534528,191.795,0.00148844
536576,194.169,0.000189367
538624,196.642,0.00100495
540672,238.215,0.00203308
542720,205.167,0.000484249
544768,210.156,0.000167016
546816,234.935,0.00193738
548864,220.623,0.000511265
550912,231.485,0.000261418
552960,250.287,0.000410242
555008,209.997,0.00129816
557056,232.465,0.000322555
559104,257.195,0.00101758
561152,218.826,0.00126971
563200,229.163,0.00173584
565248,233.187,0.000730066
567296,193.452,0.000251239
569344,185.02,0.000576638
571392,207.907,0.000144638
573440,212.579,0.000438394
575488,198.332,0.000380778
577536,211.904,0.000286803
579584,196.009,0.000232611
581632,205.514,0.00077023
583680,234.784,0.00297365
585728,222.218,0.000196936
587776,217.566,0.000922415
589824,239.861,0.000174582
591872,229.795,0.00149552
593920,214.422,6.73474e-05
595968,250.344,0.000385657
598016,191.413,0.000487984
600064,188.713,0.000244905
602112,213.289,0.000596953
604160,209.948,0.000336359
606208,249.811,0.000444564
608256,202.927,0.000376025
610304,217.651,0.00048136
612352,225.879,0.000812162
614400,220.041,0.000574436
616448,228.276,0.00462222
618496,224.931,0.0010695
620544,223.547,0.000356746
622592,206.54,0.000141353
624640,233.832,0.000700033
626688,240.979,0.00027295
628736,181.098,0.000159823
630784,223.449,0.000553727
632832,253.752,0.00019698
634880,213.343,0.00100894
636928,227.743,0.00137001
638976,236.299,0.000548988
641024,214.206,6.95274e-05
643072,202.835,9.41823e-05
645120,230.495,0.000223726
647168,189.514,0.000469104
649216,249.651,0.000162476
651264,223.706,0.000218406
653312,224.534,0.000124868
655360,201.245,5.62644e-05
657408,196.835,2.50718e-05
659456,249.305,0.00123151
661504,200.91,0.00118018
663552,262.351,0.00079576
665600,217.482,0.00258703
667648,217.878,0.000905031
669696,227.474,0.000800461
671744,237.21,0.000509398
673792,208.76,0.000854404
675840,225.636,0.000574643
677888,257.169,4.10929e-06
679936,218.243,0.000330451
681984,257.144,1.01337e-06
684032,242.541,0.000195776
686080,223.308,0.000657862
688128,218.864,0.00155417
690176,204.748,0.000421602
692224,218.119,0.00103497
694272,201.576,1.24826e-07
696320,263.562,1.8097e-05
698368,240.019,5.05912e-07
700416,248.003,0.00015264
702464,212.154,9.55577e-05
704512,232.513,9.35272e-05
706560,229.463,1.95141e-07
708608,232.345,1.13338e-05
710656,222.329,0.00340151
712704,195.752,0.000440561
714752,228.179,0.000169773
716800,203.903,0.000353822
718848,208.398,0.000469943
720896,230.006,0.000374914
722944,248.489,0.00116393
724992,207.215,0.000148577
727040,200.03,0.000329755
729088,199.795,0.000330701
731136,244.731,0.000875674
733184,209.721,0.00126347
735232,231.539,0.000341237
737280,229.739,0.000219763
739328,201.786,0.000322656
741376,214.955,0.000142013
743424,202.984,0.000322443
745472,209.697,6.94651e-05
747520,226.127,3.27558e-06
749568,210.972,8.51464e-05
751616,234.076,0.000160167
753664,201.747,0.00110498
755712,253.427,0.000384509
757760,200.582,6.18465e-05
759808,244.739,5.8882e-05
761856,228.731,0.000839517
763904,219.62,0.000695534
765952,195.098,0.000928715
768000,225.793,0.000393668
770048,201.331,0.000275591
772096,207.199,0.00110861
774144,226.538,0.00201373
776192,239.185,0.0013722
778240,227.882,0.000207931
780288,226.285,0.00131861
782336,247.297,0.00104727
784384,224.708,0.000647422
786432,228.119,0.00126895
788480,228.052,0.000542384
790528,224.767,0.000456785
792576,211.369,0.000774452
794624,217.756,0.00140568
796672,216.169,0.00164951
798720,217.509,0.00188232
800768,225.237,0.000839063
802816,261.362,0.000890916
804864,226.756,0.00238232
806912,221.449,0.000598628
808960,226.848,0.000977432
811008,234.66,0.000669715
813056,211.259,0.00680324
815104,247.34,0.00091175
817152,202.834,0.0012179
819200,241.635,0.00105532
821248,214.385,0.000657053
823296,216.343,0.00121799
825344,206.473,0.000238147
827392,212.234,0.000571912
829440,210.621,0.000777211
831488,227.142,0.00378797
833536,215.363,0.000304196
835584,219.318,0.000235179
837632,236.189,0.000561979
839680,248.278,0.00029958
841728,218.344,0.000223501
843776,227.928,0.00024292
845824,256.426,1.20581e-05
847872,249.805,3.63986e-05
849920,214.469,5.46194e-05
851968,215.333,1.99431e-05
854016,205.129,0.000195237
856064,238.527,3.65457e-07
858112,223.126,0.000233722
860160,206.643,0.00186742
862208,256.348,0.000100911
864256,261.669,0.00146111
866304,241.813,0.000326798
868352,226.321,2.91399e-05
870400,230.198,0.000190447
872448,240.589,0.000212921
874496,221.419,0.000290312
876544,222.811,0.000270859
878592,207.954,0.0010114
880640,206.08,0.000609964
882688,270.386,0.000337514
884736,202.917,7.00028e-05
886784,240.985,0.00243032
888832,238.563,1.22294e-07
890880,225.783,0.000124838
892928,257.201,1.61995e-06
894976,242.948,4.2866e-05
897024,256.482,0.000444656
899072,220.866,4.13856e-07
901120,215.072,8.48616e-05
903168,244.683,3.88402e-05
905216,240.005,0.00041826
907264,208.534,0.000205776
909312,239.534,1.91743e-05
911360,228.212,6.61924e-05
913408,196.233,0.000276254
915456,208.642,0.000305444
917504,230.236,0.000455079
919552,215.151,0.000114828
921600,222.928,4.31584e-05
923648,253.775,0.000279003
925696,225.952,0.000808213
927744,237.094,1.46413e-06
929792,209.873,0.00047344
931840,247.174,0.000152429
933888,213.185,0.000467665
935936,213.092,2.26258e-05
937984,235.483,0.000255219
940032,244.393,5.99082e-06
942080,236.796,0.000245979
944128,236.269,0.000149353
946176,224.008,6.4164e-05
948224,252.526,0.000309735
950272,242.01,0.000287545
952320,203.65,0.000218828
954368,218.223,0.000129395
956416,227.73,0.000296594
958464,218.831,0.000741481
960512,216.459,0.00254058
962560,208.773,0.000153844
964608,268.841,2.56218e-05
966656,189.672,0.000117101
968704,251.47,0.000722633
970752,225.802,1.50252e-05
972800,176.244,1.81852e-05
974848,253.699,0.00011484
976896,243.349,0.000371065
978944,227.006,0.000105598
980992,226.755,0.000375531
983040,231.492,0.000265165
985088,213.662,0.000104971
987136,214.162,0.000229172
989184,241.371,0.00152508
991232,230.48,0.000115254
993280,217.14,0.000614516
995328,225.461,0.000313599
997376,226.549,0.000450021
999424,227.845,0.000503994
1001472,209.737,0.000372693
