# W&B run en65c3af; ep_rew_mean is the Scenario's own reward, averaged over recent episodes
step,ep_rew_mean,approx_kl
2048,-0.0434783,
4096,0.104167,0.0023541
6144,0.0985916,0.00144494
8192,0.231579,0.00326004
10240,0.4,0.00209583
12288,0.6,0.00169428
14336,0.92,0.00219552
16384,1.19,0.00144988
18432,1.7,0.000890137
20480,2.07,0.00158689
22528,2.19,0.00194839
24576,2.42,0.00224294
26624,2.55,0.00147183
28672,2.37,0.00214743
30720,2.3,0.00143746
32768,2.4,0.00223832
34816,2.42,0.00161773
36864,2.48,0.00200894
38912,2.38,0.00256202
40960,2.41,0.00156243
43008,2.48,0.00236813
45056,2.45,0.00181653
47104,2.51,0.00266693
49152,2.71,0.00178283
51200,2.85,0.000671644
53248,2.97,0.00210326
55296,2.98,0.00260634
57344,2.91,0.00243779
59392,2.85,0.00223119
61440,2.96,0.0033015
63488,3,0.00204356
65536,3.05,0.00322576
67584,3.3,0.00247421
69632,3.46,0.00177798
71680,3.66,0.0040474
73728,3.74,0.0054416
75776,3.77,0.00178849
77824,3.76,0.00215793
79872,3.76,0.0016684
81920,3.85,0.0042931
83968,3.9,0.00430972
86016,4.05,0.00323201
88064,4.18,0.00260557
90112,4.39,0.00396183
92160,4.44,0.00249525
94208,4.39,0.0019739
96256,4.53,0.00290036
98304,4.65,0.00381612
100352,4.73,0.00262156
102400,4.66,0.00308179
104448,4.82,0.00313652
106496,5.06,0.00327138
108544,4.87,0.00397262
110592,4.84,0.00387845
112640,4.99,0.00367156
114688,5.07,0.00258087
116736,4.97,0.00560451
118784,4.92,0.00278875
120832,4.99,0.00302626
122880,5.26,0.00345079
124928,5.38,0.00337431
126976,5.48,0.00370586
129024,5.47,0.00361232
131072,5.55,0.00248975
133120,5.71,0.00523357
135168,5.79,0.00341408
137216,5.7,0.00360077
139264,5.64,0.00441627
141312,5.83,0.00236736
143360,6.01,0.00347928
145408,6.1,0.00607957
147456,6.08,0.00330295
149504,6.09,0.00552455
151552,6.07,0.00272438
153600,6.17,0.00318364
155648,6.2,0.00452733
157696,6.2,0.00393503
159744,6.31,0.00261885
161792,6.34,0.00369473
163840,6.51,0.00545374
165888,6.54,0.00436071
167936,6.5,0.00414011
169984,6.57,0.00330729
172032,6.61,0.00579446
174080,6.72,0.00296401
176128,6.82,0.00687589
178176,6.93,0.00455361
180224,7.06,0.00434113
182272,7.22,0.00690864
184320,7.36,0.00417904
186368,7.3,0.0104389
188416,7.29,0.00551799
190464,7.43,0.00352199
192512,7.39,0.00443271
194560,7.4,0.00428273
196608,7.38,0.00454926
198656,7.31,0.00617498
200704,7.36,0.00567536
202752,7.42,0.00381911
204800,7.36,0.00775766
206848,7.29,0.00582091
208896,7.42,0.00476163
210944,7.31,0.00409362
212992,7.33,0.00461593
215040,7.32,0.00662081
217088,7.13,0.00721865
219136,7.01,0.00573952
221184,6.94,0.00487281
223232,6.74,0.0054019
225280,6.58,0.00463724
227328,6.43,0.00508953
229376,6.41,0.00683887
231424,6.38,0.00566887
233472,6.44,0.00347614
235520,6.46,0.00447286
237568,6.55,0.0056718
239616,6.51,0.00391534
241664,6.65,0.00513263
243712,6.74,0.00466144
245760,6.77,0.00558335
247808,6.79,0.00567563
249856,6.78,0.00549223
251904,6.86,0.00477541
253952,6.9,0.00447886
256000,6.99,0.00668324
258048,7.12,0.00545907
260096,7.2,0.00561781
262144,7.22,0.00333646
264192,7.35,0.00436487
266240,7.56,0.00705486
268288,7.78,0.00524091
270336,7.88,0.00650233
272384,8.09,0.00521737
274432,8.27,0.00585515
276480,8.38,0.00842497
278528,8.54,0.00505938
280576,8.71,0.004606
282624,8.85,0.00520542
284672,8.93,0.00983716
286720,9.06,0.00576461
288768,9.17,0.00530033
290816,9.22,0.00558261
292864,9.29,0.00537487
294912,9.26,0.00767216
296960,9.17,0.0082286
299008,9.09,0.00509573
301056,9.06,0.00888176
303104,9.06,0.00466119
305152,8.97,0.00625805
307200,8.89,0.0047612
309248,8.67,0.00452144
311296,8.62,0.0089533
313344,8.73,0.00475676
315392,8.76,0.0079228
317440,8.63,0.00503741
319488,8.45,0.0091543
321536,8.3,0.00551039
323584,8.04,0.00828985
325632,8,0.00590602
327680,8.01,0.00664705
329728,7.82,0.00453713
331776,7.68,0.00411492
333824,7.77,0.00572769
335872,7.63,0.00446767
337920,7.71,0.00482306
339968,7.85,0.00502843
342016,7.89,0.00728985
344064,7.99,0.00724186
346112,8.03,0.00868087
348160,8.03,0.00464112
350208,7.96,0.00919077
352256,7.96,0.00794232
354304,7.89,0.0046884
356352,7.75,0.0125551
358400,7.69,0.00589586
360448,7.48,0.00458891
362496,7.31,0.00622481
364544,7.29,0.00502806
366592,7.32,0.00634733
368640,7.41,0.0108074
370688,7.53,0.0067265
372736,7.53,0.00523452
374784,7.59,0.0102744
376832,7.61,0.00460435
378880,7.68,0.00442329
380928,7.51,0.00413835
382976,7.43,0.00627331
385024,7.28,0.00627331
387072,7.18,0.0132236
389120,7.06,0.00456956
391168,7,0.00750796
393216,7.03,0.00526515
395264,7.15,0.00427839
397312,7.28,0.00902774
399360,7.51,0.0122768
401408,7.69,0.00358539
403456,7.72,0.00671817
405504,7.81,0.00537984
407552,7.99,0.00673253
409600,8.09,0.00562124
411648,8.16,0.00536688
413696,8.1,0.00867589
415744,8.03,0.00423731
417792,7.84,0.00656571
419840,7.83,0.00460464
421888,7.92,0.00803326
423936,8.06,0.00404117
425984,8.08,0.00733069
428032,8.2,0.00890532
430080,8.35,0.00355871
432128,8.52,0.00829249
434176,8.6,0.00686956
436224,8.85,0.00714851
438272,8.98,0.00565539
440320,8.94,0.0070135
442368,8.88,0.00387465
444416,8.85,0.00553952
446464,8.84,0.00584626
448512,8.77,0.00432276
450560,8.71,0.00630964
452608,8.72,0.00720765
454656,8.77,0.00769653
456704,8.77,0.0054709
458752,8.78,0.00509659
460800,8.83,0.00460708
462848,8.93,0.00653666
464896,8.97,0.00664699
466944,8.92,0.00896882
468992,8.85,0.00722571
471040,8.84,0.0064262
473088,8.7,0.00465664
475136,8.57,0.00654382
477184,8.58,0.00458876
479232,8.7,0.00534074
481280,8.62,0.00514772
483328,8.64,0.00493405
485376,8.65,0.00459441
487424,8.82,0.00531141
489472,8.92,0.00627833
491520,9.02,0.00479655
493568,9.24,0.00537483
495616,9.39,0.00700671
497664,9.4,0.00479781
499712,9.47,0.0050947
501760,9.53,0.0129987
503808,9.59,0.00512175
505856,9.61,0.00717058
507904,9.66,0.00610719
509952,9.71,0.00522508
512000,9.68,0.00813959
514048,9.53,0.0048452
516096,9.53,0.00704801
518144,9.46,0.00571686
520192,9.37,0.00439035
522240,9.41,0.00946439
524288,9.39,0.00854296
526336,9.36,0.00581877
528384,9.22,0.00487862
530432,9.2,0.00755212
532480,9.33,0.00704362
534528,9.32,0.00478686
536576,9.29,0.00491027
538624,9.36,0.00817312
540672,9.36,0.00504941
542720,9.31,0.00399299
544768,9.3,0.00818967
546816,9.31,0.00482745
548864,9.36,0.00453452
550912,9.38,0.00501512
552960,9.37,0.00561332
555008,9.41,0.00679048
557056,9.29,0.00572669
559104,9.39,0.00420528
561152,9.41,0.00509202
563200,9.36,0.00427408
565248,9.26,0.00533024
567296,9.29,0.00520958
569344,9.29,0.00481243
571392,9.4,0.00529127
573440,9.35,0.00666826
575488,9.51,0.00508274
577536,9.59,0.00568533
579584,9.53,0.0037486
581632,9.61,0.00479237
583680,9.76,0.00704007
585728,9.81,0.00691452
587776,9.95,0.00740151
589824,10.03,0.00770208
591872,10.04,0.00559507
593920,10.03,0.00575022
595968,9.94,0.0134528
598016,9.86,0.00634124
600064,9.82,0.00430255
602112,9.75,0.00561784
604160,9.85,0.0056622
606208,9.77,0.0064602
608256,9.7,0.00411931
610304,9.72,0.00538008
612352,9.71,0.00445839
614400,9.76,0.00524923
616448,9.87,0.00523571
618496,10.06,0.00593495
620544,10.06,0.00529347
622592,10.11,0.00643447
624640,10.13,0.00576394
626688,10.2,0.0103598
628736,10.31,0.00670562
630784,10.34,0.00539983
632832,10.32,0.00443595
634880,10.42,0.00583928
636928,10.4,0.00415375
638976,10.31,0.00491894
641024,10.43,0.0100738
643072,10.38,0.00713141
645120,10.41,0.00613535
647168,10.46,0.00708364
649216,10.48,0.00988804
651264,10.53,0.00410011
653312,10.54,0.00439473
655360,10.48,0.00965956
657408,10.48,0.00770871
659456,10.45,0.00539044
661504,10.45,0.00638947
663552,10.57,0.00510832
665600,10.57,0.00974516
667648,10.48,0.00808305
669696,10.4,0.0054841
671744,10.42,0.00863524
673792,10.42,0.00532336
675840,10.46,0.00518879
677888,10.42,0.00484504
679936,10.47,0.00638127
681984,10.51,0.00764094
684032,10.54,0.00717366
686080,10.46,0.00893486
688128,10.56,0.00854899
690176,10.48,0.0070959
692224,10.47,0.00561625
694272,10.46,0.00903203
696320,10.38,0.0148654
698368,10.33,0.00955215
700416,10.34,0.00468061
702464,10.27,0.00509133
704512,10.35,0.00631738
706560,10.2,0.0123648
708608,10.25,0.0062281
710656,10.27,0.00654187
712704,10.15,0.00766838
714752,10.07,0.00737522
716800,10.02,0.00652848
718848,9.95,0.00999912
720896,9.86,0.00710943
722944,9.67,0.00640947
724992,9.64,0.00714299
727040,9.67,0.00563465
729088,9.54,0.0081614
731136,9.52,0.00561844
733184,9.46,0.00741621
735232,9.33,0.00598622
737280,9.28,0.00626755
739328,9.38,0.0120067
741376,9.43,0.0056195
743424,9.36,0.00540934
745472,9.3,0.00645115
747520,9.42,0.00827157
749568,9.52,0.00614791
751616,9.6,0.00737769
753664,9.66,0.00474129
755712,9.66,0.00767341
757760,9.7,0.00598931
759808,9.71,0.00499132
761856,9.77,0.00592938
763904,9.73,0.0070217
765952,9.79,0.00553321
768000,9.68,0.00489209
770048,9.72,0.00674549
772096,9.72,0.0048869
774144,9.7,0.0100104
776192,9.61,0.0075449
778240,9.67,0.00676297
780288,9.62,0.00648646
782336,9.55,0.00911388
784384,9.59,0.00546027
786432,9.63,0.00586205
788480,9.6,0.00642484
790528,9.48,0.00904214
792576,9.52,0.0087651
794624,9.39,0.00554339
796672,9.4,0.00614707
798720,9.5,0.00782755
800768,9.63,0.00910897
802816,9.54,0.00704128
804864,9.61,0.00597433
806912,9.71,0.0052298
808960,9.81,0.00677348
811008,9.93,0.00902727
813056,10.04,0.00637518
815104,9.95,0.00634882
817152,9.93,0.00788467
819200,9.91,0.00785103
821248,9.95,0.00648587
823296,10.05,0.00546184
825344,10.07,0.00964117
827392,9.96,0.00583038
829440,10.02,0.0103165
831488,10.07,0.00410599
833536,10.21,0.00523003
835584,10.19,0.00571556
837632,10.27,0.00567854
839680,10.36,0.00673141
841728,10.46,0.00506474
843776,10.46,0.0059702
845824,10.51,0.00778986
847872,10.61,0.00833859
849920,10.55,0.00718344
851968,10.69,0.00897869
854016,10.81,0.00568348
856064,10.91,0.00514772
858112,10.83,0.00611197
860160,10.86,0.00588917
862208,10.72,0.00625002
864256,10.57,0.00578785
866304,10.53,0.00691574
868352,10.44,0.00716732
870400,10.35,0.00690024
872448,10.25,0.00719896
874496,10.14,0.00665479
876544,10.25,0.00873968
878592,10.09,0.00697308
880640,10.04,0.00829436
882688,10.15,0.00751157
884736,10.16,0.0113844
886784,10.19,0.00970165
888832,10.11,0.011333
890880,10.17,0.00638623
892928,10.16,0.00917995
894976,10.1,0.00614266
897024,10.06,0.00617687
899072,10.11,0.00946998
901120,10.17,0.00727394
903168,10.16,0.00926896
905216,10.19,0.00709736
907264,10.24,0.0080849
909312,10.21,0.00658675
911360,10.17,0.00589995
913408,10.08,0.00669517
915456,10.06,0.00558661
917504,9.88,0.00722658
919552,9.71,0.00683302
921600,9.62,0.00849546
923648,9.53,0.00567726
925696,9.53,0.00733995
927744,9.37,0.00799311
929792,9.41,0.00655687
931840,9.45,0.00773737
933888,9.53,0.0077329
935936,9.54,0.00709821
937984,9.59,0.00540873
940032,9.64,0.00685058
942080,9.66,0.00605905
944128,9.72,0.00612066
946176,9.83,0.00754852
948224,9.86,0.00473123
950272,9.94,0.00543021
952320,9.94,0.00553276
954368,9.95,0.00990274
956416,9.97,0.00885309
958464,10.01,0.00736842
960512,9.96,0.0109182
962560,9.88,0.00878014
964608,9.77,0.0047571
966656,9.64,0.00759505
968704,9.49,0.00692614
970752,9.36,0.00678932
972800,9.33,0.00903682
974848,9.19,0.00894125
976896,9.07,0.00696194
978944,8.94,0.00944101
980992,8.89,0.0108033
983040,8.86,0.01098
985088,9.06,0.00564242
987136,9.1,0.00923609
989184,9.15,0.0067058
991232,9.06,0.0100201
993280,9.29,0.00654991
995328,9.42,0.0071548
997376,9.66,0.00663307
999424,9.72,0.00594686
1001472,9.82,0.00958779
