# W&B run an8j66gw; progress and clear_rate are averages of training Attempts ended since the last point
step,ep_rew_mean,progress,clear_rate
2048,0,,
4096,0,,
6144,0,,
8192,0,,
10240,0,,
12288,0,,
14336,0,,
16384,0,,
18432,0,,
20480,0,,
22528,0,,
24576,0,,
26624,0,,
28672,0,,
30720,0,,
32768,0,,
34816,0,,
36864,0,,
38912,0,,
40960,0,,
43008,0,,
45056,0,,
47104,0,,
49152,0,,
51200,0,,
53248,0,,
55296,0,,
57344,0,,
59392,0,,
61440,0,,
63488,0,,
65536,0,,
67584,0,,
69632,0,,
71680,0,,
73728,0,,
75776,0,,
77824,0,,
79872,0,,
81920,0,,
83968,0,,
86016,0,,
88064,0,,
90112,0,,
92160,0,,
94208,0,,
96256,0,,
98304,0,,
100352,0,,
102400,0,,
104448,0,,
106496,0,,
108544,0,,
110592,0,,
112640,0,,
114688,0,,
116736,0,,
118784,0,,
120832,0,,
122880,0,,
124928,0,,
126976,0,,
129024,0,,
131072,0,,
133120,0,,
135168,0,,
137216,0,,
139264,0,,
141312,0,,
143360,0,,
145408,0,,
147456,0,,
149504,0,,
151552,0,,
153600,0,,
155648,0,,
157696,0,,
159744,0,,
161792,0,,
163840,0,,
165888,0,,
167936,0,,
169984,0,,
172032,0,,
174080,0,,
176128,0,,
178176,0,,
180224,0,,
182272,0,,
184320,0,,
186368,0,,
188416,0,,
190464,0,,
192512,0,,
194560,0,,
196608,0,,
198656,0,,
200704,0,,
202752,0,,
204800,0,,
206848,0,,
208896,0,,
210944,0,,
212992,0,,
215040,0,,
217088,0,,
219136,0,,
221184,0,,
223232,0,,
225280,0,,
227328,0,,
229376,0,,
231424,0,,
233472,0,,
235520,0,,
237568,0,,
239616,0,,
241664,0,,
243712,0,,
245760,0,,
247808,0,,
249856,0,,
251904,0,,
253952,0,,
256000,0,,
258048,0,,
260096,0,,
262144,0,,
264192,0,,
266240,0,,
268288,0,,
270336,0,,
272384,0,,
274432,0,,
276480,0,,
278528,0,,
280576,0,,
282624,0,,
284672,0,,
286720,0,,
288768,0,,
290816,0,,
292864,0,,
294912,0,,
296960,0,,
299008,0,,
301056,0,,
303104,0,,
305152,0,,
307200,0,,
309248,0,,
311296,0,,
313344,0,,
315392,0,,
317440,0,,
319488,0,,
321536,0,,
323584,0,,
325632,0,,
327680,0,,
329728,0,,
331776,0,,
333824,0,,
335872,0,,
337920,0,,
339968,0,,
342016,0,,
344064,0,,
346112,0,,
348160,0,,
350208,0,,
352256,0,,
354304,0,,
356352,0,,
358400,0,,
360448,0,,
362496,0,,
364544,0,,
366592,0,,
368640,0,,
370688,0,,
372736,0,,
374784,0,,
376832,0,,
378880,0,,
380928,0,,
382976,0,,
385024,0,,
387072,0,,
389120,0,,
391168,0,,
393216,0,,
395264,0,,
397312,0,,
399360,0,,
401408,0,,
403456,0,,
405504,0,,
407552,0,,
409600,0,,
411648,0,,
413696,0,,
415744,0,,
417792,0,,
419840,0,,
421888,0,,
423936,0,,
425984,0,,
428032,0,,
430080,0,,
432128,0,,
434176,0,,
436224,0,,
438272,0,,
440320,0,,
442368,0,,
444416,0,,
446464,0,,
448512,0,,
450560,0,,
452608,0,,
454656,0,,
456704,0,,
458752,0,,
460800,0,,
462848,0,,
464896,0,,
466944,0,,
468992,0,,
471040,0,,
473088,0,,
475136,0,,
477184,0,,
479232,0,,
481280,0,,
483328,0,,
485376,0,,
487424,0,,
489472,0,,
491520,0,,
493568,0,,
495616,0,,
497664,0,,
499712,0,,
501760,0,,
503808,0,,
505856,0,,
507904,0,,
509952,0,,
512000,0,,
514048,0,,
516096,0,,
518144,0,,
520192,0,,
522240,0,,
524288,0,,
526336,0,,
528384,0,,
530432,0,,
532480,0,,
534528,0,,
536576,0,,
538624,0,,
540672,0,,
542720,0,,
544768,0,,
546816,0,,
548864,0,,
550912,0,,
552960,0,,
555008,0,,
557056,0,,
559104,0,,
561152,0,,
563200,0,,
565248,0,,
567296,0,,
569344,0,,
571392,0,,
573440,0,,
575488,0,,
577536,0,,
579584,0,,
581632,0,,
583680,0,,
585728,0,,
587776,0,,
589824,0,,
591872,0,,
593920,0,,
595968,0,,
598016,0,,
600064,0,,
602112,0,,
604160,0,,
606208,0,,
608256,0,,
610304,0,,
612352,0,,
614400,0,,
616448,0,,
618496,0,,
620544,0,,
622592,0,,
624640,0,,
626688,0,,
628736,0,,
630784,0,,
632832,0,,
634880,0,,
636928,0,,
638976,0,,
641024,0,,
643072,0,,
645120,0,,
647168,0,,
649216,0,,
651264,0,,
653312,0,,
655360,0,,
657408,0,,
659456,0,,
661504,0,,
663552,0,,
665600,0,,
667648,0,,
669696,0,,
671744,0,,
673792,0,,
675840,0,,
677888,0,,
679936,0,,
681984,0,,
684032,0,,
686080,0,,
688128,0,,
690176,0,,
692224,0,,
694272,0,,
696320,0,,
698368,0,,
700416,0,,
702464,0,,
704512,0,,
706560,0,,
708608,0,,
710656,0,,
712704,0,,
714752,0,,
716800,0,,
718848,0,,
720896,0,,
722944,0,,
724992,0,,
727040,0,,
729088,0,,
731136,0,,
733184,0,,
735232,0,,
737280,0,,
739328,0,,
741376,0,,
743424,0,,
745472,0,,
747520,0,,
749568,0,,
751616,0,,
753664,0,,
755712,0,,
757760,0,,
759808,0,,
761856,0,,
763904,0,,
765952,0,,
768000,0,,
770048,0,,
772096,0,,
774144,0,,
776192,0,,
778240,0,,
780288,0,,
782336,0,,
784384,0,,
786432,0,,
788480,0,,
790528,0,,
792576,0,,
794624,0,,
796672,0,,
798720,0,,
800768,0,,
802816,0,,
804864,0,,
806912,0,,
808960,0,,
811008,0,,
813056,0,,
815104,0,,
817152,0,,
819200,0,,
821248,0,,
823296,0,,
825344,0,,
827392,0,,
829440,0,,
831488,0,,
833536,0,,
835584,0,,
837632,0,,
839680,0,,
841728,0,,
843776,0,,
845824,0,,
847872,0,,
849920,0,,
851968,0,,
854016,0,,
856064,0,,
858112,0,,
860160,0,,
862208,0,,
864256,0,,
866304,0,,
868352,0,,
870400,0,,
872448,0,,
874496,0,,
876544,0,,
878592,0,,
880640,0,,
882688,0,,
884736,0,,
886784,0,,
888832,0,,
890880,0,,
892928,0,,
894976,0,,
897024,0,,
899072,0,,
901120,0,,
903168,0,,
905216,0,,
907264,0,,
909312,0,,
911360,0,,
913408,0,,
915456,0,,
917504,0,,
919552,0,,
921600,0,,
923648,0,,
925696,0,,
927744,0,,
929792,0,,
931840,0,,
933888,0,,
935936,0,,
937984,0,,
940032,0,,
942080,0,,
944128,0,,
946176,0,,
948224,0,,
950272,0,,
952320,0,,
954368,0,,
956416,0,,
958464,0,,
960512,0,,
962560,0,,
964608,0,,
966656,0,,
968704,0,,
970752,0,,
972800,0,,
974848,0,,
976896,0,,
978944,0,,
980992,0,,
983040,0,,
985088,0,,
987136,0,,
989184,0,,
991232,0,,
993280,0,,
995328,0,,
997376,0,,
999424,0,,
1001472,0,,
