# W&B run 2n94feuo; progress (keyed), clear_rate and key_rate are averages of training Attempts ended since the last point; key_rate is blank where the run did not log it
step,ep_rew_mean,progress,clear_rate,key_rate
2048,0,0.00455,0,0
4096,0,0.101625,0,0
6144,0,0.1036,0,0
8192,0,0.09628,0,0
10240,0,0.04404,0,0
12288,0,0.0144667,0,0
14336,0,0.0912,0,0
16384,0,0.0556,0,0
18432,0,0.116333,0,0
20480,0,0.112975,0,0
22528,0,0.14275,0,0
24576,0,0.0813167,0,0
26624,0,0.0439833,0,0
28672,0,0.0213167,0,0
30720,0,0.04975,0,0
32768,0,0.0461667,0,0
34816,0,0.046775,0,0
36864,0,0.156675,0,0
38912,0,0.1514,0,0
40960,0,0.0531333,0,0
43008,0,0.1004,0,0
45056,0,0.06595,0,0
47104,0,0.0651333,0,0
49152,0,0.0337667,0,0
51200,0,0.03975,0,0
53248,0,0.0650667,0,0
55296,0,0.07415,0,0
57344,0,0.0661,0,0
59392,0,0.0951,0,0
61440,0,0.1203,0,0
63488,0,0.0792,0,0
65536,0,0.1065,0,0
67584,0,0.0902714,0,0
69632,0,0.0973333,0,0
71680,0,0.0884333,0,0
73728,0,0.0652714,0,0
75776,0,0.0814,0,0
77824,0,0.0515333,0,0
79872,0,0.115888,0,0
81920,0,0.1011,0,0
83968,0,0.0682571,0,0
86016,0,0.1164,0,0
88064,0,0.0794857,0,0.142857
90112,0,0.0835,0,0
92160,0,0.107933,0,0
94208,0,0.12392,0,0
96256,0,0.0824,0,0
98304,0,0.0768,0,0
100352,0,0.0867667,0,0
102400,0,0.074,0,0
104448,0,0.08325,0,0
106496,0,0.06275,0,0
108544,0,0.113,0,0
110592,0,0.086075,0,0
112640,0,0.092275,0,0
114688,0,0.10315,0,0
116736,0,0.0912,0,0
118784,0,0.08535,0,0
120832,0,0.0829,0,0
122880,0,0.0976333,0,0
124928,0,0.08338,0,0
126976,0,0.1484,0,0
129024,0,0.0766333,0,0
131072,0,0.110867,0,0
133120,0,0.0813833,0,0
135168,0,0.08625,0,0
137216,0,0.08586,0,0
139264,0,0.07234,0,0
141312,0,0.141275,0,0
143360,0,0.10265,0,0
145408,0,0.085225,0,0
147456,0,0.15055,0,0
149504,0,0.118333,0,0
151552,0,0.0963625,0,0
153600,0,0.169433,0,0
155648,0,0.14724,0,0
157696,0,0.057025,0,0
159744,0,0.1053,0,0
161792,0,0.0801,0,0
163840,0,0.10838,0,0
165888,0,0.12856,0,0
167936,0,0.0984333,0,0
169984,0,0.119014,0,0
172032,0,0.148833,0,0
174080,0,0.111,0,0
176128,0,0.11566,0,0
178176,0,0.143533,0,0
180224,0,0.1487,0,0
182272,0,0.110217,0,0
184320,0,0.0964714,0,0
186368,0,0.11785,0,0
188416,0,0.14914,0,0
190464,0,0.11678,0,0
192512,0,0.202933,0,0.333333
194560,0,0.155575,0,0
196608,0,0.168125,0,0
198656,0,0.11542,0,0
200704,0,0.13455,0,0
202752,0,0.15222,0,0
204800,0,0.11784,0,0.2
206848,0,0.133175,0,0
208896,0,0.214233,0,0
210944,0,0.22972,0,0.2
212992,0,0.126633,0,0
215040,0,0.12636,0,0.2
217088,0,0.127325,0,0
219136,0,0.10965,0,0
221184,0,0.1729,0,0
223232,0,0.139333,0,0
225280,0,0.132167,0,0
227328,0,0.111433,0,0
229376,0,0.1632,0,0.142857
231424,0,0.153275,0,0
233472,0,0.11995,0,0
235520,0,0.175033,0,0
237568,0,0.144733,0,0
239616,0,0.1455,0,0.333333
241664,0,0.10164,0,0.2
243712,0,0.200125,0,0.25
245760,0,0.1389,0,0.2
247808,0,0.0857,0,0
249856,0,0.119557,0,0
251904,0,0.08854,0,0
253952,0,0.1809,0,0
256000,0,0.14624,0,0
258048,0,0.0848,0,0
260096,0,0.132,0,0
262144,0,0.112933,0,0
264192,0,0.17036,0,0.2
266240,0,0.1079,0,0
268288,0,0.2188,0,0
270336,0,0.119967,0,0
272384,0,0.163667,0,0
274432,0,0.122425,0,0
276480,0,0.19625,0,0
278528,0,0.187033,0,0
280576,0,0.0995,0,0
282624,0,0.21788,0,0.2
284672,0,0.17068,0,0
286720,0,0.13595,0,0
288768,0,0.18856,0,0
290816,0,0.196,0,0
292864,0,0.17566,0,0
294912,0,0.1287,0,0
296960,0,0.172467,0,0
299008,0,0.1417,0,0.25
301056,0,0.22835,0,0.25
303104,0,0.149233,0,0
305152,0,0.14182,0,0
307200,0,0.1703,0,0
309248,0,0.152517,0,0.166667
311296,0,0.1857,0,0.5
313344,0,0.1639,0,0.5
315392,0,0.124,0,0
317440,0,0.21022,0,0.2
319488,0,0.22546,0,0.4
321536,0,0.2062,0,0.4
323584,0,0.15655,0,0
325632,0,0.216,0,0.285714
327680,0,0.24865,0,0.5
329728,0,0.2793,0,0.666667
331776,0,0.20958,0,0.2
333824,0,0.185175,0,0.5
335872,0,0.1942,0,0.5
337920,0,0.19522,0,0.4
339968,0,0.2365,0,0
342016,0,0.212667,0,0.5
344064,0,0.192167,0,0.333333
346112,0,0.162133,0,0.333333
348160,0,0.261733,0,0.666667
350208,0,0.1915,0,0.333333
352256,0,0.195371,0,0.142857
354304,0,0.12414,0,0
356352,0,0.2096,0,0.5
358400,0,0.2298,0,0.666667
360448,0,0.117175,0,0
362496,0,0.149483,0,0
364544,0,0.14035,0,0
366592,0,0.280517,0,0.5
368640,0,0.198867,0,0.333333
370688,0,0.21324,0,0.4
372736,0,0.229275,0,0.25
374784,0,0.1616,0,0
376832,0,0.1909,0,0
378880,0,0.17105,0,0
380928,0,0.19215,0,0.25
382976,0,0.206414,0,0.428571
385024,0,0.1627,0,0
387072,0,0.26105,0,0.75
389120,0,0.21762,0,0.4
391168,0,0.0709,0,0
393216,0,0.166667,0,0
395264,0,0.24012,0,0.2
397312,0,0.13398,0,0
399360,0,0.175,0,0
401408,0,0.20735,0,0.25
403456,0,0.18822,0,0
405504,0,0.156433,0,0
407552,0,0.18302,0,0.2
409600,0,0.09315,0,0
411648,0,0.22684,0,0.2
413696,0,0.2321,0,0
415744,0,0.0748,0,0
417792,0,0.219143,0,0.285714
419840,0,0.132767,0,0
421888,0,0.241875,0,0.5
423936,0,0.207733,0,0
425984,0,0.247725,0,0.25
428032,0,0.15734,0,0
430080,0,0.32195,0,0.5
432128,0,0.226425,0,0.25
434176,0,0.246675,0,0.5
436224,0,0.271833,0,0.666667
438272,0,0.229525,0,0.5
440320,0,0.203125,0,0
442368,0,0.2363,0,0.5
444416,0,0.225943,0,0.571429
446464,0,0.29245,0,0.5
448512,0,0.32406,0,0.8
450560,0,0.37595,0,0.5
452608,0,0.2252,0,0.2
454656,0,0.2339,0,0.333333
456704,0,0.1684,0,0.5
458752,0,0.131225,0,0.25
460800,0,0.19808,0,0
462848,0,0.227833,0,0.333333
464896,0,0.22752,0,0.4
466944,0,0.1812,0,0
468992,0,0.187375,0,0
471040,0,0.2711,0,1
473088,0,0.269267,0,0.666667
475136,0,0.2079,0,0.5
477184,0,0.24088,0,0.6
479232,0,0.249075,0,0.5
481280,0,0.27628,0,0.6
483328,0,0.2626,0,0.666667
485376,0,0.298833,0,0.666667
487424,0,0.20388,0,0.2
489472,0,0.206867,0,0
491520,0,0.25802,0,0.6
493568,0,0.3909,0,1
495616,0,0.24146,0,0.2
497664,0,0.200967,0,0.333333
499712,0,0.204775,0,0.25
501760,0,0.276467,0,0.666667
503808,0,0.2777,0,1
505856,0,0.23255,0,0
507904,0,0.21578,0,0.4
509952,0,0.330467,0,0.666667
512000,0,0.2182,0,0
514048,0,0.23745,0,0
516096,0,0.296775,0,0.5
518144,0,0.2504,0,0.666667
520192,0,0.2107,0,0
522240,0,0.188133,0,0.333333
524288,0,0.323425,0,0.5
526336,0,0.22405,0,0
528384,0,0.28565,0,0.666667
530432,0,0.2337,0,0.2
532480,0,0.2381,0,0.5
534528,0,0.1856,0,0
536576,0,0.28215,0,0.5
538624,0,0.2476,0,0.25
540672,0,0.229,0,0.25
542720,0,0.1939,0,0.333333
544768,0,0.21635,0,0
546816,0,0.205167,0,0.166667
548864,0,0.263033,0,0.666667
550912,0,0.276,0,0.666667
552960,0,0.2423,0,0.333333
555008,0,0.291825,0,0.5
557056,0,0.213,0,0
559104,0,0.124267,0,0
561152,0,0.249033,0,0.333333
563200,0,0.283275,0,0.5
565248,0,0.283967,0,0.666667
567296,0,0.2762,0,1
569344,0,0.24868,0,0.6
571392,0,0.233425,0,0.25
573440,0,0.2376,0,0.5
575488,0,0.249633,0,0.333333
577536,0,0.26488,0,0.6
579584,0,0.5432,0,1
581632,0,0.24862,0,0.4
583680,0,0.29645,0,1
585728,0,0.312,0,0.8
587776,0,0.3553,0,1
589824,0,0.227367,0,0.333333
591872,0,0.1561,0,0
593920,0,0.2498,0,0.333333
595968,0,0.3399,0,1
598016,0,0.2781,0,0.666667
600064,0,0.24125,0,0.5
602112,0,0.2602,0,0.333333
604160,0,0.322025,0,0.5
606208,0,,,
608256,0,0.311475,0,0.75
610304,0,0.206275,0,0.25
612352,0,0.21746,0,0.4
614400,0,0.246875,0,0.5
616448,0,0.192267,0,0
618496,0,0.27535,0,0.5
620544,0,0.235575,0,0.5
622592,0,0.27922,0,0.6
624640,0,0.3087,0,0.5
626688,0,0.2616,0,0.6
628736,0,0.2933,0,0.666667
630784,0,0.337,0,1
632832,0,0.2668,0,0.75
634880,0,0.2543,0,0.4
636928,0,0.3417,0,1
638976,0,0.349825,0,0.5
641024,0,0.31114,0,0.8
643072,0,0.2107,0,0
645120,0,0.32355,0,1
647168,0,0.408575,0,1
649216,0,0.219071,0,0.428571
651264,0,,,
653312,0,0.2683,0,0.666667
655360,0,0.27662,0,0.6
657408,0,0.19296,0,0.4
659456,0,0.3046,0,1
661504,0,0.2612,0,0.4
663552,0,0.306533,0,0.333333
665600,0,0.3999,0,1
667648,0,0.289167,0,0.666667
669696,0,0.237933,0,0.333333
671744,0,0.385,0,0.5
673792,0,0.2081,0,0
675840,0,0.237667,0,0.333333
677888,0,0.39635,0,0.5
679936,0,0.302057,0,0.714286
681984,0,0.220625,0,0.5
684032,0,0.2837,0,1
686080,0,0.205967,0,0.333333
688128,0,0.293975,0,0.5
690176,0,0.35842,0,0.8
692224,0,0.28646,0,0.4
694272,0,0.2099,0,0.333333
696320,0,0.2363,0,0.2
698368,0,0.339367,0,0.333333
700416,0,0.27294,0,0.4
702464,0,0.18175,0,0.25
704512,0,0.276167,0,0.333333
706560,0,0.284933,0,0.666667
708608,0,0.291375,0,0.375
710656,0,0.185767,0,0.666667
712704,0,0.2211,0,0
714752,0,0.230317,0,0.333333
716800,0,0.48435,0,1
718848,0,0.286967,0,0.666667
720896,0,0.2748,0,0.5
722944,0,0.2194,0,0.333333
724992,0,0.3365,0,1
727040,0,0.30704,0,0.6
729088,0,0.24646,0,0.2
731136,0,0.2267,0,0.5
733184,0,0.2045,0,0
735232,0,0.3776,0,0.75
737280,0,0.40585,0,1
739328,0,0.335,0,0.5
741376,0,0.284625,0,0.5
743424,0,0.4112,0,1
745472,0,0.389267,0,0.666667
747520,0,0.475467,0,1
749568,0,0.4695,0,1
751616,0,0.367325,0,0.75
753664,0,0.2939,0,0.666667
755712,0,0.2598,0,0.5
757760,0,0.36775,0,1
759808,0,0.33835,0,0.75
761856,0,0.44565,0,1
763904,0,0.2638,0,0.666667
765952,0,0.317533,0,0.666667
768000,0,0.30785,0,0.5
770048,0,0.3102,0,0.5
772096,0,0.17985,0,0
774144,0,0.3045,0,0.5
776192,0,0.383533,0,0.666667
778240,0,0.4694,0,1
780288,0,0.260483,0,0.5
782336,0,0.404667,0,1
784384,0,0.2907,0,0.666667
786432,0,0.327033,0,0.666667
788480,0,0.2948,0,0.75
790528,0,0.456267,0,1
792576,0,0.323125,0,0.75
794624,0,0.3431,0,1
796672,0,0.388625,0,1
798720,0,,,
800768,0,0.374367,0,0.666667
802816,0,0.26,0,0.333333
804864,0,0.2688,0,0.333333
806912,0,0.35305,0,0.5
808960,0,0.307233,0,0.333333
811008,0,0.306533,0,0.333333
813056,0,0.34165,0,0.5
815104,0,0.452425,0,1
817152,0,0.465933,0,1
819200,0,0.4238,0,0.75
821248,0,0.229967,0,0.666667
823296,0,0.346275,0,0.75
825344,0,0.206633,0,0.333333
827392,0,0.397633,0,1
829440,0,0.343725,0,1
831488,0,0.320875,0,1
833536,0,0.364833,0,1
835584,0,0.464867,0,1
837632,0,0.43355,0,1
839680,0,0.34844,0,0.8
841728,0,0.3767,0,1
843776,0,0.3142,0,1
845824,0,0.4537,0,0.75
847872,0,0.43005,0,1
849920,0,0.32052,0,0.6
851968,0,0.241,0,0.75
854016,0,0.3177,0,0.75
856064,0,0.47015,0,1
858112,0,0.41665,0,1
860160,0,0.366125,0,1
862208,0,0.3518,0,1
864256,0,0.32965,0,0.75
866304,0,0.37795,0,1
868352,0,0.3868,0,1
870400,0,0.25996,0,0.4
872448,0,0.3666,0,0.75
874496,0,0.348725,0,1
876544,0,0.365275,0,0.75
878592,0,0.3509,0,0.6
880640,0,0.38995,0,1
882688,0,0.292133,0,0.666667
884736,0,0.0984,0,0
886784,0,0.2374,0,0
888832,0,0.343067,0,0.5
890880,0,0.4622,0,1
892928,0,0.4422,0,1
894976,0,0.358883,0,0.666667
897024,0,0.38235,0,1
899072,0,0.38785,0,1
901120,0,0.293929,0,0.571429
903168,0,0.24,0,0
905216,0,0.30516,0,0.6
907264,0,0.374733,0,1
909312,0,0.3318,0,0.666667
911360,0,0.415033,0,1
913408,0,0.420725,0,0.75
915456,0,0.332167,0,0.666667
917504,0,0.3729,0,0.5
919552,0,0.207825,0,0
921600,0,0.355767,0,0.666667
923648,0,0.34492,0,0.6
925696,0,0.3754,0,1
927744,0,0.34748,0,0.8
929792,0,0.354033,0,0.666667
931840,0,0.2907,0,0.5
933888,0,0.352633,0,0.833333
935936,0,0.2277,0,0
937984,0,0.3398,0,0.6
940032,0,0.2796,0,0.75
942080,0,0.252725,0,0.25
944128,0,0.29932,0,0.4
946176,0,0.2824,0,0.666667
948224,0,0.318667,0,0.666667
950272,0,0.263043,0,0.428571
952320,0,0.3912,0,1
954368,0,0.31335,0,0.5
956416,0,0.30868,0,0.8
958464,0,0.31875,0,0.5
960512,0,0.380017,0,1
962560,0,0.31986,0,0.6
964608,0,0.471467,0,1
966656,0,0.3373,0,0.5
968704,0,0.35958,0,0.8
970752,0,0.3678,0,1
972800,0,0.31804,0,0.6
974848,0,0.328333,0,0.666667
976896,0,0.38955,0,0.833333
978944,0,0.390233,0,0.666667
980992,0,0.4113,0,1
983040,0,0.362133,0,1
985088,0,0.373975,0,1
987136,0,0.305125,0,0.75
989184,0,0.39876,0,0.8
991232,0,0.36598,0,0.8
993280,0,0.355075,0,0.75
995328,0,0.3118,0,0.75
997376,0,0.396,0,1
999424,0,0.38365,0,0.666667
1001472,0,0.268733,0,0.333333
1003520,0,0.535975,0,1
1005568,0,0.260925,0,0.25
1007616,0,0.3151,0,1
1009664,0,0.33345,0,0.75
1011712,0,0.512725,0,1
1013760,0,0.4579,0,1
1015808,0,0.418933,0,0.666667
1017856,0,0.328517,0,0.666667
1019904,0,,,
1021952,0,0.451267,0,1
1024000,0,0.40845,0,0.75
1026048,0,0.4208,0,0.75
1028096,0,0.387233,0,1
1030144,0,0.40055,0,1
1032192,0,0.41116,0,1
1034240,0,0.407833,0,1
1036288,0,0.433129,0,0.857143
1038336,0,0.39985,0,1
1040384,0,0.356,0,0.5
1042432,0,0.449633,0,0.666667
1044480,0,0.444833,0,1
1046528,0,0.323583,0,0.5
1048576,0,0.2676,0,1
1050624,0,0.406643,0,1
1052672,0,0.2708,0,0.5
1054720,0,0.425625,0,0.75
1056768,0,0.2625,0,0.5
1058816,0,0.4183,0,1
1060864,0,0.454,0,1
1062912,0,0.34135,0,0.75
1064960,0,0.313425,0,0.5
1067008,0,0.28105,0,0.5
1069056,0,0.3042,0,0.333333
1071104,0,0.339075,0,0.75
1073152,0,0.22555,0,0
1075200,0,0.3672,0,1
1077248,0,0.36874,0,0.6
1079296,0,0.383667,0,0.666667
1081344,0,0.3792,0,1
1083392,0,0.50655,0,1
1085440,0,0.463775,0,1
1087488,0,0.387525,0,0.75
1089536,0,0.362175,0,1
1091584,0,0.3737,0,1
1093632,0,0.378633,0,0.666667
1095680,0,0.389133,0,0.666667
1097728,0,0.493733,0,1
1099776,0,0.49945,0,1
1101824,0,0.445233,0,1
1103872,0,0.4672,0,1
1105920,0,0.380925,0,0.75
1107968,0,0.4505,0,1
1110016,0,0.46485,0,0.75
1112064,0,0.41154,0,0.8
1114112,0,0.358525,0,0.5
1116160,0,0.33525,0,0.5
1118208,0,0.197533,0,0.333333
1120256,0,0.4395,0,0.8
1122304,0,0.3068,0,1
1124352,0,0.4498,0,1
1126400,0,,,
1128448,0,0.4478,0,1
1130496,0,0.4466,0,0.666667
1132544,0,0.44355,0,0.75
1134592,0,0.6216,0,1
1136640,0,0.418933,0,0.833333
1138688,0,0.313925,0,0.75
1140736,0,0.405883,0,0.833333
1142784,0,0.38474,0,0.8
1144832,0,0.4085,0,0.666667
1146880,0,0.3399,0,0.5
1148928,0,0.3722,0,0.666667
1150976,0,0.397225,0,0.75
1153024,0,0.327875,0,0.5
1155072,0,0.45204,0,1
1157120,0,0.496775,0,1
1159168,0,0.4299,0,1
1161216,0,0.4365,0,0.857143
1163264,0,0.39732,0,0.8
1165312,0,0.4031,0,1
1167360,0,0.50165,0,1
1169408,0,0.34135,0,0.5
1171456,0,0.35412,0,0.8
1173504,0,0.464967,0,1
1175552,0,0.5407,0,1
1177600,0,0.46355,0,1
1179648,0,0.403633,0,0.666667
1181696,0,0.4094,0,0.75
1183744,0,0.448425,0,0.75
1185792,0,0.4192,0,1
1187840,0,0.4752,0,0.8
1189888,0,0.433733,0,1
1191936,0,0.4259,0,0.666667
1193984,0,0.208933,0,0.333333
1196032,0,0.488725,0,1
1198080,0,0.331567,0,0.666667
1200128,0,0.3997,0,1
1202176,0,0.501967,0,1
1204224,0,0.2733,0,0.5
1206272,0,0.43805,0,1
1208320,0,0.40115,0,1
1210368,0,0.372075,0,1
1212416,0,0.0697,0,0
1214464,0,0.37794,0,0.6
1216512,0,0.2901,0,0.4
1218560,0,0.344725,0,0.75
1220608,0,0.3054,0,0.4
1222656,0,0.48,0,1
1224704,0,0.3045,0,0.5
1226752,0,0.3644,0,0.75
1228800,0,0.395,0,1
1230848,0,0.486033,0,1
1232896,0,0.273483,0,0.5
1234944,0,0.36538,0,0.6
1236992,0,0.3988,0,1
1239040,0,0.5557,0,1
1241088,0,0.47762,0,1
1243136,0,0.422425,0,1
1245184,0,0.375575,0,0.5
1247232,0,0.435725,0,0.75
1249280,0,0.47982,0,1
1251328,0,0.38955,0,0.5
1253376,0,0.445983,0,0.833333
1255424,0,0.0995,0,0
1257472,0,0.4134,0,0.75
1259520,0,0.454225,0,0.75
1261568,0,0.517267,0,1
1263616,0,0.465625,0,0.75
1265664,0,0.455525,0,1
1267712,0,0.400033,0,1
1269760,0,0.47468,0,1
1271808,0,0.32,0,0.666667
1273856,0,0.462033,0,1
1275904,0,0.383033,0,0.666667
1277952,0,0.552467,0,1
1280000,0,0.307975,0,0.5
1282048,0,0.402,0,0.75
1284096,0,0.44832,0,0.8
1286144,0,0.36994,0,0.8
1288192,0,0.2209,0,0.333333
1290240,0,0.5362,0,1
1292288,0,0.5667,0,1
1294336,0,0.572533,0,1
1296384,0,0.400475,0,0.5
1298432,0,0.3188,0,0.5
1300480,0,0.2797,0,0.5
1302528,0,0.24085,0,0.5
1304576,0,0.2881,0,0.333333
1306624,0,0.33725,0,0.5
1308672,0,0.37742,0,0.6
1310720,0,0.2365,0,0
1312768,0,0.37088,0,0.6
1314816,0,0.30725,0,0.75
1316864,0,0.4013,0,1
1318912,0,0.322733,0,1
1320960,0,0.423967,0,0.666667
1323008,0,0.453533,0,1
1325056,0,0.5411,0,1
1327104,0,0.402,0,1
1329152,0,0.337767,0,0.333333
1331200,0,0.356167,0,0.666667
1333248,0,0.31536,0,0.6
1335296,0,0.401275,0,0.75
1337344,0,0.4695,0,1
1339392,0,0.388175,0,0.75
1341440,0,0.244775,0,0.5
1343488,0,0.492275,0,1
1345536,0,0.5502,0,1
1347584,0,0.2455,0,0.5
1349632,0,0.430167,0,0.666667
1351680,0,0.378025,0,0.75
1353728,0,0.2479,0,1
1355776,0,0.395683,0,0.5
1357824,0,0.443533,0,0.666667
1359872,0,0.47572,0,1
1361920,0,0.3055,0,1
1363968,0,0.49965,0,1
1366016,0,0.39025,0,1
1368064,0,0.4156,0,0.75
1370112,0,0.4204,0,1
1372160,0,0.36765,0,0.666667
1374208,0,0.374833,0,1
1376256,0,0.429433,0,1
1378304,0,0.5312,0,1
1380352,0,0.4527,0,0.5
1382400,0,0.460925,0,0.75
1384448,0,0.41864,0,1
1386496,0,0.4945,0,1
1388544,0,0.527817,0,1
1390592,0,0.42016,0,0.8
1392640,0,0.2465,0,0.5
1394688,0,0.486,0,1
1396736,0,0.3248,0,0.666667
1398784,0,0.47288,0,0.8
1400832,0,0.52092,0,0.8
1402880,0,0.42565,0,0.833333
1404928,0,0.4887,0,1
1406976,0,0.426633,0,0.666667
1409024,0,0.525025,0,1
1411072,0,0.4357,0,1
1413120,0,0.447,0,1
1415168,0,0.43976,0,1
1417216,0,0.344175,0,0.75
1419264,0,0.517875,0,1
1421312,0,0.43205,0,1
1423360,0,,,
1425408,0,0.5891,0,1
1427456,0,0.41126,0,0.8
1429504,0,0.4982,0,1
1431552,0,0.364825,0,0.5
1433600,0,0.2391,0,0
1435648,0,0.3698,0,0.75
1437696,0,0.28175,0,0.5
1439744,0,0.434175,0,1
1441792,0,0.4356,0,1
1443840,0,0.391,0,0.666667
1445888,0,0.17035,0,0
1447936,0,0.36704,0,0.6
1449984,0,0.3631,0,0.5
1452032,0,0.295525,0,0.5
1454080,0,0.281433,0,0.333333
1456128,0,0.2732,0,1
1458176,0,0.35335,0,0.5
1460224,0,0.406225,0,0.75
1462272,0,0.65445,0,1
1464320,0,0.3686,0,0.5
1466368,0,0.318933,0,0.666667
1468416,0,,,
1470464,0,0.361083,0,0.5
1472512,0,0.294,0,1
1474560,0,0.293933,0,0.333333
1476608,0,0.47008,0,1
1478656,0,0.411567,0,1
1480704,0,0.469233,0,1
1482752,0,0.374375,0,0.5
1484800,0,0.429867,0,1
1486848,0,0.462625,0,1
1488896,0,0.419425,0,0.75
1490944,0,0.395,0,1
1492992,0,0.38172,0,0.8
1495040,0,0.3334,0,1
1497088,0,0.59916,0,1
1499136,0,0.415975,0,0.75
1501184,0,0.3123,0,1
1503232,0,0.6124,0,1
1505280,0,0.32285,0,0.5
1507328,0,0.3525,0,0.75
1509376,0,0.456925,0,0.75
1511424,0,0.54446,0,1
1513472,0,0.5236,0,1
1515520,0,0.541,0,1
1517568,0,0.5394,0,1
1519616,0,0.473417,0,0.833333
1521664,0,0.2616,0,0.25
1523712,0,0.5552,0,1
1525760,0,0.418967,0,0.666667
1527808,0,0.453367,0,1
1529856,0,0.3478,0,0.5
1531904,0,0.2365,0,0
1533952,0,0.5082,0,1
1536000,0,0.40285,0,0.75
1538048,0,0.5443,0,1
1540096,0,0.5343,0,1
1542144,0,0.450333,0,0.666667
1544192,0,0.47295,0,1
1546240,0,0.454533,0,0.666667
1548288,0,0.539467,0,1
1550336,0,0.52615,0,1
1552384,0,0.483033,0,1
1554432,0,0.566775,0,1
1556480,0,0.5676,0,1
1558528,0,0.588967,0,1
1560576,0,0.550425,0,1
1562624,0,0.534075,0,1
1564672,0,0.5598,0,1
1566720,0,0.49586,0,0.8
1568768,0,0.660967,0,1
1570816,0,0.50548,0,0.6
1572864,0,0.5408,0,1
1574912,0,0.48286,0,0.8
1576960,0,0.4822,0,1
1579008,0,0.6749,0,1
1581056,0,0.582467,0,1
1583104,0,0.443967,0,0.666667
1585152,0,0.39595,0,0.5
1587200,0,0.51586,0,1
1589248,0,0.526567,0,1
1591296,0,0.4473,0,0.666667
1593344,0,0.4555,0,1
1595392,0,0.34534,0,0.6
1597440,0,0.47505,0,1
1599488,0,0.3767,0,0.5
1601536,0,0.585033,0,1
1603584,0,0.5184,0,1
1605632,0,0.51974,0,1
1607680,0,0.44435,0,1
1609728,0,0.49944,0,1
1611776,0,0.4861,0,1
1613824,0,0.338133,0,0.666667
1615872,0,0.522175,0,1
1617920,0,0.5345,0,1
1619968,0,0.240633,0,0.333333
1622016,0,0.561467,0,1
1624064,0,0.42544,0,0.8
1626112,0,0.5884,0,1
1628160,0,0.548014,0,1
1630208,0,0.5998,0,1
1632256,0,0.583733,0,1
1634304,0,0.6341,0,1
1636352,0,0.58225,0,1
1638400,0,0.48085,0,1
1640448,0,0.565,0,1
1642496,0,0.552957,0,0.857143
1644544,0,0.37325,0,0.5
1646592,0,0.561875,0,1
1648640,0,0.5368,0,1
1650688,0,0.40885,0,1
1652736,0,0.422567,0,1
1654784,0,0.486829,0,1
1656832,0,0.5492,0,1
1658880,0,0.414133,0,1
1660928,0,0.4646,0,0.8
1662976,0,0.5103,0,1
1665024,0,0.4147,0,1
1667072,0,0.41055,0,0.5
1669120,0,0.53152,0,1
1671168,0,0.498533,0,1
1673216,0,0.525933,0,1
1675264,0,0.426683,0,0.666667
1677312,0,0.5448,0,1
1679360,0,0.485675,0,1
1681408,0,0.6083,0,1
1683456,0,0.56535,0,1
1685504,0,0.549114,0,1
1687552,0,0.5248,0,1
1689600,0,0.506617,0,0.833333
1691648,0,0.55558,0,1
1693696,0,0.4621,0,0.5
1695744,0,0.633225,0,1
1697792,0,0.565633,0,1
1699840,0,0.48572,0,0.8
1701888,0,0.523433,0,1
1703936,0,0.546975,0,1
1705984,0,0.486675,0,0.75
1708032,0,0.538833,0,1
1710080,0,0.4976,0,0.833333
1712128,0,0.6553,0,1
1714176,0,0.485367,0,1
1716224,0,0.471717,0,0.833333
1718272,0,0.467825,0,1
1720320,0,0.4025,0,1
1722368,0,0.53925,0,0.75
1724416,0,0.49465,0,1
1726464,0,0.448,0,0.666667
1728512,0,0.538633,0,1
1730560,0,0.5755,0,1
1732608,0,0.539867,0,1
1734656,0,0.538225,0,1
1736704,0,0.5555,0,1
1738752,0,0.380833,0,0.666667
1740800,0,0.3295,0,0.5
1742848,0,0.3643,0,0.5
1744896,0,0.3559,0,0.666667
1746944,0,0.506,0,1
1748992,0,0.596367,0,1
1751040,0,0.5134,0,1
1753088,0,0.643333,0,1
1755136,0,0.46246,0,0.8
1757184,0,0.5437,0,1
1759232,0,0.439667,0,0.666667
1761280,0,,,
1763328,0,0.524625,0,1
1765376,0,0.538033,0,1
1767424,0,0.5867,0,1
1769472,0,0.5579,0,1
1771520,0,0.540433,0,1
1773568,0,0.44536,0,0.6
1775616,0,0.491133,0,1
1777664,0,0.5455,0,1
1779712,0,0.221033,0,0
1781760,0,0.457867,0,0.666667
1783808,0,0.535067,0,1
1785856,0,0.558,0,1
1787904,0,0.6061,0,1
1789952,0,0.5547,0,1
1792000,0,0.3894,0,0.666667
1794048,0,0.4454,0,0.666667
1796096,0,0.3842,0,0.5
1798144,0,0.3567,0,0.666667
1800192,0,0.495,0,0.5
1802240,0,0.490575,0,1
1804288,0,0.3133,0,0.333333
1806336,0,0.4647,0,1
1808384,0,0.38995,0,0.5
1810432,0,0.7014,0,1
1812480,0,0.59176,0,1
1814528,0,0.4278,0,0.5
1816576,0,0.82025,0,1
1818624,0,0.51615,0,1
1820672,0,0.557167,0,1
1822720,0,0.517567,0,0.666667
1824768,0,0.603775,0,1
1826816,0,0.5577,0,1
1828864,0,0.437625,0,0.5
1830912,0,0.548667,0,0.666667
1832960,0,0.5465,0,1
1835008,0,,,
1837056,0,0.391725,0,0.5
1839104,0,0.6666,0,1
1841152,0,0.4931,0,1
1843200,0,0.433475,0,0.75
1845248,0,0.51705,0,0.5
1847296,0,0.43262,0,0.8
1849344,0,0.542433,0,1
1851392,0,0.577667,0,1
1853440,0,0.71585,0,1
1855488,0,0.496,0,1
1857536,0,0.648,0,1
1859584,0,0.59848,0,1
1861632,0,0.6887,0,1
1863680,0,0.618833,0,1
1865728,0,0.500325,0,1
1867776,0,0.677467,0,1
1869824,0,0.6393,0,1
1871872,0,0.52504,0,1
1873920,0,0.67575,0,1
1875968,0,0.658533,0,1
1878016,0,0.7728,0,1
1880064,0,0.425,0,0.5
1882112,0,0.526425,0,1
1884160,0,0.5759,0,1
1886208,0,0.635,0,1
1888256,0,0.674267,0,1
1890304,0,0.5405,0,1
1892352,0,0.590667,0,0.833333
1894400,0,0.66555,0,1
1896448,0,0.58068,0,1
1898496,0,0.594525,0,1
1900544,0,0.69795,0,1
1902592,0,0.57598,0,1
1904640,0,0.512267,0,1
1906688,0,0.64145,0,1
1908736,0,0.5494,0,1
1910784,0,0.7829,0,1
1912832,0,0.5554,0,1
1914880,0,0.59475,0,1
1916928,0,0.39925,0,0.5
1918976,0,0.5532,0,1
1921024,0,0.5158,0,0.8
1923072,0,0.57686,0,1
1925120,0,0.6118,0,1
1927168,0,0.4921,0,1
1929216,0,0.4437,0,0.666667
1931264,0,0.539167,0,1
1933312,0,0.3168,0,0.75
1935360,0,0.580267,0,1
1937408,0,0.7729,0,1
1939456,0,0.628925,0,1
1941504,0,0.50805,0,1
1943552,0,0.45024,0,0.8
1945600,0,0.64605,0,1
1947648,0,0.595275,0,1
1949696,0,0.6413,0,1
1951744,0,0.428725,0,0.75
1953792,0,0.38688,0,0.6
1955840,0,0.5676,0,1
1957888,0,0.5056,0,0.8
1959936,0,0.4616,0,1
1961984,0,0.6591,0,1
1964032,0,0.651,0,1
1966080,0,0.55485,0,1
1968128,0,0.8326,0,1
1970176,0,0.526275,0,1
1972224,0,0.5058,0,1
1974272,0,0.5836,0,1
1976320,0,0.59175,0,1
1978368,0,0.39564,0,1
1980416,0,0.5592,0,1
1982464,0,0.5203,0,1
1984512,0,0.636625,0,1
1986560,0,0.592633,0,1
1988608,0,0.5785,0,0.75
1990656,0,0.5436,0,1
1992704,0,0.620625,0,1
1994752,0,0.55575,0,1
1996800,0,0.62392,0,1
1998848,0,0.7953,0,1
2000896,0,0.593743,0,1
2002944,0,0.445933,0,1
2004992,0,0.5515,0,1
2007040,0,0.46655,0,1
2009088,0,0.487567,0,0.833333
2011136,0,0.3162,0,0.5
2013184,0,0.517157,0,0.857143
2015232,0,0.2557,0,0.5
2017280,0,0.483,0,1
2019328,0,0.57934,0,1
2021376,0,0.545717,0,1
2023424,0,0.37215,0,0.5
2025472,0,0.5302,0,0.666667
2027520,0,0.555467,0,1
2029568,0,0.5649,0,1
2031616,0,0.617175,0,1
2033664,0,0.7723,0,1
2035712,0,0.7109,0,1
2037760,0,0.3896,0,0.5
2039808,0,0.5596,0,1
2041856,0,0.559,0,1
2043904,0,0.559825,0,1
2045952,0,0.593533,0,1
2048000,0,0.8056,0,1
2050048,0,0.579575,0,1
2052096,0,0.583967,0,1
2054144,0,0.570975,0,1
2056192,0,0.642167,0,1
2058240,0,0.5676,0,1
2060288,0,0.7653,0,1
2062336,0,0.5346,0,1
2064384,0,0.587975,0,1
2066432,0,0.632125,0,1
2068480,0,0.5627,0,1
2070528,0,0.51734,0,0.8
2072576,0,0.56155,0,1
2074624,0,0.596567,0,1
2076672,0,0.6656,0,1
2078720,0,0.598533,0,1
2080768,0,0.558,0,1
2082816,0,0.333,0,0.5
2084864,0,0.5991,0,1
2086912,0,0.635033,0,1
2088960,0,0.5355,0,1
2091008,0,0.6558,0,1
2093056,0,0.5324,0,1
2095104,0,0.423825,0,0.75
2097152,0,0.4403,0,1
2099200,0,0.594825,0,1
2101248,0,0.5676,0,1
2103296,0,0.2391,0,0.5
2105344,0,0.437833,0,1
2107392,0,0.55165,0,1
2109440,0,0.487633,0,1
2111488,0,0.46718,0,1
2113536,0,0.445817,0,0.833333
2115584,0,0.5073,0,1
2117632,0,0.5676,0,1
2119680,0,0.4941,0,0.666667
2121728,0,0.493933,0,1
2123776,0,0.4183,0,1
2125824,0,0.610025,0,1
2127872,0,0.8246,0,1
2129920,0,0.7315,0,1
2131968,0,0.5594,0,1
2134016,0,0.5639,0,1
2136064,0,0.61185,0,0.75
2138112,0,0.3869,0,0.5
2140160,0,0.47774,0,0.8
2142208,0,0.519567,0,0.833333
2144256,0,0.4015,0,0.5
2146304,0,0.616425,0,1
2148352,0,0.6614,0,1
2150400,0,0.55585,0,1
2152448,0,0.7364,0,1
2154496,0,0.5555,0,0.666667
2156544,0,0.62295,0,1
2158592,0,0.464425,0,0.75
2160640,0,0.5101,0,0.666667
2162688,0,0.6677,0,1
2164736,0,0.6231,0,1
2166784,0,0.66495,0,1
2168832,0,0.69945,0,1
2170880,0,0.600767,0,1
2172928,0,0.505333,0,0.666667
2174976,0,0.539467,0,1
2177024,0,0.537725,0,1
2179072,0,0.668633,0,1
2181120,0,0.545567,0,0.666667
2183168,0,0.62206,0,1
2185216,0,0.3758,0,1
2187264,0,0.56396,0,1
2189312,0,0.5616,0,1
2191360,0,0.579175,0,1
2193408,0,0.585925,0,1
2195456,0,0.638867,0,1
2197504,0,0.64595,0,1
2199552,0,0.66114,0,1
2201600,0,0.649467,0,1
2203648,0,0.6436,0,1
2205696,0,0.499125,0,1
2207744,0,0.450525,0,0.75
2209792,0,0.5398,0,1
2211840,0,0.55822,0,1
2213888,0,0.58436,0,1
2215936,0,0.585775,0,1
2217984,0,0.5669,0,1
2220032,0,0.62544,0,1
2222080,0,0.598475,0,1
2224128,0,0.576167,0,1
2226176,0,0.494133,0,0.666667
2228224,0,0.59808,0,1
2230272,0,0.65725,0,1
2232320,0,0.6422,0,1
2234368,0,0.637267,0,1
2236416,0,0.583071,0,1
2238464,0,0.45595,0,1
2240512,0,0.470675,0,0.75
2242560,0,0.569533,0,1
2244608,0,0.5676,0,1
2246656,0,0.532925,0,0.75
2248704,0,0.3888,0,0.4
2250752,0,0.4443,0,0.666667
2252800,0,0.609667,0,1
2254848,0,0.5936,0,1
2256896,0,0.4881,0,0.75
2258944,0,0.591875,0,1
2260992,0,0.422067,0,0.666667
2263040,0,0.348183,0,0.5
2265088,0,0.4607,0,0.666667
2267136,0,0.43752,0,0.6
2269184,0,0.650733,0,1
2271232,0,0.5428,0,1
2273280,0,0.600325,0,1
2275328,0,0.486267,0,0.666667
2277376,0,0.52692,0,0.8
2279424,0,0.583425,0,1
2281472,0,0.53326,0,0.8
2283520,0,0.4577,0,0.666667
2285568,0,0.655075,0,1
2287616,0,0.620033,0,1
2289664,0,0.43295,0,0.75
2291712,0,0.45815,0,0.5
2293760,0,0.51658,0,1
2295808,0,0.518467,0,0.666667
2297856,0,0.688875,0,1
2299904,0,0.66638,0,1
2301952,0,0.47925,0,1
2304000,0,0.41392,0,0.6
2306048,0,0.472633,0,1
2308096,0,0.601625,0,1
2310144,0,0.57675,0,1
2312192,0,0.63872,0,1
2314240,0,0.498267,0,1
2316288,0,0.77,0,1
2318336,0,0.5547,0,1
2320384,0,0.5657,0,1
2322432,0,0.53518,0,0.8
2324480,0,0.377325,0,0.5
2326528,0,0.50692,0,0.8
2328576,0,0.619767,0,1
2330624,0,0.5949,0,1
2332672,0,0.557225,0,1
2334720,0,0.5954,0,1
2336768,0,0.67715,0,0.75
2338816,0,0.697433,0,1
2340864,0,0.5883,0,1
2342912,0,0.558,0,1
2344960,0,0.625567,0,1
2347008,0,0.585475,0,1
2349056,0,0.383,0,0.5
2351104,0,0.64972,0,1
2353152,0,0.55395,0,1
2355200,0,0.597367,0,1
2357248,0,0.64525,0,1
2359296,0,0.612825,0,1
2361344,0,0.409633,0,0.666667
2363392,0,0.58835,0,1
2365440,0,0.58862,0,1
2367488,0,0.62915,0,1
2369536,0,0.541467,0,1
2371584,0,0.38872,0,0.6
2373632,0,0.6123,0,1
2375680,0,0.57975,0,0.833333
2377728,0,0.56675,0,1
2379776,0,0.5933,0,0.833333
2381824,0,0.60865,0,1
2383872,0,0.2286,0,0
2385920,0,0.505425,0,0.75
2387968,0,0.3688,0,0.5
2390016,0,0.474633,0,0.666667
2392064,0,0.39765,0,0.5
2394112,0,0.478875,0,0.75
2396160,0,0.57455,0,1
2398208,0,0.47854,0,0.8
2400256,0,0.35955,0,0.5
2402304,0,0.519267,0,1
2404352,0,0.64594,0,1
2406400,0,0.521433,0,1
2408448,0,0.64314,0,1
2410496,0,0.614833,0,1
2412544,0,0.52605,0,0.75
2414592,0,0.6017,0,1
2416640,0,0.32996,0,0.8
2418688,0,0.511867,0,0.666667
2420736,0,0.4669,0,0.666667
2422784,0,0.612733,0,1
2424832,0,0.4651,0,0.6
2426880,0,0.5659,0,1
2428928,0,0.55116,0,0.8
2430976,0,0.624,0,1
2433024,0,0.51182,0,0.8
2435072,0,0.40665,0,0.75
2437120,0,0.37858,0,0.6
2439168,0,0.5562,0,1
2441216,0,0.36432,0,0.6
2443264,0,0.52096,0,1
2445312,0,0.6033,0,1
2447360,0,0.520533,0,1
2449408,0,0.5843,0,1
2451456,0,0.7061,0,1
2453504,0,0.448475,0,0.75
2455552,0,0.56535,0,1
2457600,0,0.4914,0,0.75
2459648,0,0.7098,0,1
2461696,0,0.425875,0,0.75
2463744,0,0.5676,0,1
2465792,0,0.4669,0,1
2467840,0,0.6957,0,1
2469888,0,0.47245,0,1
2471936,0,0.5443,0,1
2473984,0,0.569425,0,1
2476032,0,0.551133,0,1
2478080,0,0.6228,0,1
2480128,0,0.505433,0,0.666667
2482176,0,0.47445,0,0.75
2484224,0,0.454833,0,0.666667
2486272,0,0.53684,0,1
2488320,0,0.5659,0,1
2490368,0,0.5063,0,1
2492416,0,0.3353,0,1
2494464,0,0.504317,0,0.833333
2496512,0,0.5592,0,1
2498560,0,0.40425,0,0.75
2500608,0,0.536,0,1
2502656,0,0.5241,0,1
2504704,0,0.568825,0,1
2506752,0,0.424233,0,0.666667
2508800,0,0.643533,0,1
2510848,0,0.2404,0,0
2512896,0,0.55498,0,0.8
2514944,0,0.55005,0,0.5
2516992,0,0.57065,0,1
2519040,0,0.5488,0,1
2521088,0,0.540533,0,1
2523136,0,0.5598,0,1
2525184,0,0.5627,0,1
2527232,0,0.5022,0,0.8
2529280,0,0.481733,0,1
2531328,0,0.52248,0,1
2533376,0,0.39615,0,0.5
2535424,0,0.48935,0,0.75
2537472,0,0.61355,0,1
2539520,0,0.634033,0,1
2541568,0,0.5277,0,1
2543616,0,0.5605,0,1
2545664,0,0.5549,0,1
2547712,0,0.5959,0,1
2549760,0,0.4775,0,1
2551808,0,0.58038,0,1
2553856,0,0.6544,0,1
2555904,0,0.521933,0,0.666667
2557952,0,0.559633,0,1
2560000,0,0.59365,0,1
2562048,0,0.7625,0,1
2564096,0,0.4841,0,1
2566144,0,0.553,0,1
2568192,0,0.453175,0,0.75
2570240,0,0.6762,0,1
2572288,0,0.55382,0,1
2574336,0,0.5544,0,1
2576384,0,0.53208,0,0.8
2578432,0,0.5609,0,1
2580480,0,0.550325,0,1
2582528,0,0.610725,0,1
2584576,0,0.6416,0,1
2586624,0,0.53448,0,0.8
2588672,0,0.6519,0,1
2590720,0,0.5455,0,1
2592768,0,0.586525,0,1
2594816,0,0.323467,0,0.333333
2596864,0,0.554133,0,1
2598912,0,0.54015,0,1
2600960,0,0.651567,0,1
2603008,0,0.58365,0,1
2605056,0,0.2085,0,0
2607104,0,0.659467,0,1
2609152,0,0.565025,0,1
2611200,0,0.611833,0,1
2613248,0,0.5721,0,1
2615296,0,0.5993,0,1
2617344,0,0.54178,0,1
2619392,0,0.5431,0,1
2621440,0,0.470967,0,1
2623488,0,0.585667,0,1
2625536,0,0.6253,0,1
2627584,0,0.6724,0,1
2629632,0,0.55505,0,1
2631680,0,0.64355,0,1
2633728,0,0.6556,0,1
2635776,0,0.49405,0,1
2637824,0,0.417525,0,0.75
2639872,0,0.51545,0,1
2641920,0,0.623667,0,1
2643968,0,0.5551,0,1
2646016,0,0.65595,0,1
2648064,0,0.656825,0,1
2650112,0,0.61175,0,1
2652160,0,0.6964,0,1
2654208,0,0.604167,0,1
2656256,0,0.544833,0,1
2658304,0,0.56065,0,1
2660352,0,0.61732,0,1
2662400,0,0.70475,0,1
2664448,0,0.610025,0,1
2666496,0,0.618333,0,1
2668544,0,0.55815,0,1
2670592,0,0.572717,0,0.833333
2672640,0,0.74495,0,1
2674688,0,0.663775,0,1
2676736,0,0.369,0,0.5
2678784,0,0.636325,0,1
2680832,0,0.565283,0,1
2682880,0,0.572425,0,1
2684928,0,0.6163,0,1
2686976,0,0.603475,0,1
2689024,0,0.55415,0,1
2691072,0,0.611,0,1
2693120,0,0.690775,0,1
2695168,0,0.0995,0,0
2697216,0,0.524414,0,0.857143
2699264,0,,,
2701312,0,0.492683,0,0.833333
2703360,0,0.6643,0,1
2705408,0,0.40232,0,0.4
2707456,0,0.3843,0,0.5
2709504,0,0.422525,0,0.5
2711552,0,0.42028,0,0.8
2713600,0,0.64715,0,1
2715648,0,0.679433,0,1
2717696,0,0.575433,0,1
2719744,0,,,
2721792,0,0.552467,0,0.666667
2723840,0,0.593833,0,1
2725888,0,0.5676,0,1
2727936,0,0.59685,0,0.75
2729984,0,0.452233,0,1
2732032,0,0.57502,0,0.8
2734080,0,0.555,0,1
2736128,0,0.408125,0,0.5
2738176,0,0.5653,0,1
2740224,0,0.5648,0,1
2742272,0,0.548975,0,0.75
2744320,0,0.5261,0,1
2746368,0,0.432667,0,0.666667
2748416,0,0.5409,0,1
2750464,0,0.57286,0,1
2752512,0,0.53345,0,1
2754560,0,0.59268,0,0.8
2756608,0,0.56245,0,1
2758656,0,0.4725,0,0.8
2760704,0,0.6011,0,1
2762752,0,0.7477,0,1
2764800,0,0.762375,0,1
2766848,0,0.752533,0,1
2768896,0,0.6102,0,1
2770944,0,0.516625,0,1
2772992,0,0.6545,0,1
2775040,0,0.69985,0,1
2777088,0,0.645025,0,1
2779136,0,0.707267,0,1
2781184,0,0.659267,0,1
2783232,0,0.684775,0,1
2785280,0,0.72498,0,1
2787328,0,0.7552,0,1
2789376,0,0.65995,0,1
2791424,0,0.3667,0,0.5
2793472,0,0.7501,0,1
2795520,0,0.628433,0,1
2797568,0,0.466975,0,0.75
2799616,0,0.709933,0,1
2801664,0,0.698317,0,1
2803712,0,0.8597,0,1
2805760,0,0.6334,0,0.8
2807808,0,0.712,0,1
2809856,0,0.653833,0,1
2811904,0,0.6402,0,1
2813952,0,0.7007,0,1
2816000,0,0.671075,0,1
2818048,0,0.4246,0,0.666667
2820096,0,0.695625,0,1
2822144,0,0.656133,0,1
2824192,0,0.584925,0,1
2826240,0,0.684367,0,1
2828288,0,0.6752,0,1
2830336,0,0.7527,0,1
2832384,0,0.6227,0,1
2834432,0,0.68096,0,1
2836480,0,0.7337,0,1
2838528,0,0.680275,0,1
2840576,0,0.67998,0,1
2842624,0,0.677967,0,1
2844672,0,0.660267,0,1
2846720,0,0.6669,0,1
2848768,0,0.528067,0,1
2850816,0,0.6039,0,1
2852864,0,0.56175,0,1
2854912,0,0.63458,0,1
2856960,0,0.5588,0,1
2859008,0,0.634067,0,0.666667
2861056,0,0.466867,0,1
2863104,0,0.60288,0,1
2865152,0,0.556533,0,1
2867200,0,0.344325,0,0.5
2869248,0,0.5362,0,0.5
2871296,0,0.5676,0,1
2873344,0,0.447825,0,1
2875392,0,0.2347,0,0
2877440,0,0.690517,0,1
2879488,0,0.8357,0,1
2881536,0,0.710075,0,1
2883584,0,0.8355,0,1
2885632,0,0.56272,0,0.8
2887680,0,0.3898,0,1
2889728,0,0.63926,0,0.8
2891776,0,0.61425,0,1
2893824,0,0.49892,0,0.8
2895872,0,0.57028,0,0.8
2897920,0,0.5676,0,1
2899968,0,0.68695,0,1
2902016,0,0.5916,0,1
2904064,0,0.788633,0,1
2906112,0,0.59548,0,1
2908160,0,0.6025,0,1
2910208,0,0.635433,0,1
2912256,0,0.639933,0,1
2914304,0,0.6831,0,1
2916352,0,0.53195,0,1
2918400,0,0.58332,0,0.8
2920448,0,0.57846,0,1
2922496,0,0.525175,0,1
2924544,0,0.489667,0,1
2926592,0,0.673933,0,1
2928640,0,0.6578,0,1
2930688,0,0.779667,0,1
2932736,0,0.5576,0,1
2934784,0,0.482475,0,0.5
2936832,0,0.663833,0,1
2938880,0,0.636233,0,1
2940928,0,0.70365,0,1
2942976,0,0.592867,0,1
2945024,0,0.637075,0,1
2947072,0,0.3331,0,0.5
2949120,0,0.6657,0,1
2951168,0,0.6305,0,1
2953216,0,0.581325,0,0.75
2955264,0,0.278,0,1
2957312,0,0.6785,0,1
2959360,0,0.566633,0,1
2961408,0,0.4903,0,1
2963456,0,0.5604,0,1
2965504,0,0.6931,0,1
2967552,0,0.6457,0,1
2969600,0,0.55005,0,0.5
2971648,0,0.8592,0,1
2973696,0,0.4456,0,0.666667
2975744,0,0.5657,0,1
2977792,0,0.366033,0,0.666667
2979840,0,0.60415,0,1
2981888,0,0.527067,0,0.666667
2983936,0,0.82345,0,1
2985984,0,0.758067,0,1
2988032,0,0.48922,0,0.6
2990080,0,0.6392,0,1
2992128,0,0.543525,0,1
2994176,0,0.5818,0,1
2996224,0,,,
2998272,0,0.5473,0,1
3000320,0,0.3328,0,0.5
3002368,0,0.70325,0,1
3004416,0,0.516433,0,0.666667
3006464,0,0.6397,0,1
3008512,0,0.6189,0,1
3010560,0,0.562633,0,1
3012608,0,0.550975,0,1
3014656,0,0.376183,0,0.5
3016704,0,0.6968,0,1
3018752,0,0.6257,0,1
3020800,0,0.721,0,1
3022848,0,0.7029,0,1
3024896,0,0.63895,0,1
3026944,0,0.6747,0,1
3028992,0,0.47955,0,0.5
3031040,0,0.61605,0,1
3033088,0,0.7026,0,1
3035136,0,0.7009,0,1
3037184,0,0.6061,0,1
3039232,0,0.614975,0,1
3041280,0,0.6846,0,1
3043328,0,0.54862,0,0.8
3045376,0,,,
3047424,0,0.62254,0,1
3049472,0,0.64985,0,1
3051520,0,0.4724,0,0.75
3053568,0,0.605933,0,1
3055616,0,0.63295,0,1
3057664,0,0.592833,0,1
3059712,0,0.67652,0,1
3061760,0,0.6761,0,1
3063808,0,0.50575,0,0.75
3065856,0,0.60425,0,1
3067904,0,0.5443,0,0.666667
3069952,0,0.6897,0,1
3072000,0,0.8463,0,1
3074048,0,0.6184,0,1
3076096,0,0.6991,0,1
3078144,0,0.579575,0,1
3080192,0,0.5493,0,1
3082240,0,0.64564,0,1
3084288,0,0.5308,0,1
3086336,0,0.59095,0,1
3088384,0,0.633467,0,1
3090432,0,0.562,0,1
3092480,0,0.60725,0,1
3094528,0,0.640333,0,1
3096576,0,0.70796,0,1
3098624,0,0.7666,0,1
3100672,0,0.6425,0,1
3102720,0,,,
3104768,0,0.666283,0,1
3106816,0,0.15165,0,0
3108864,0,0.68905,0,1
3110912,0,0.618533,0,1
3112960,0,0.568825,0,1
3115008,0,0.601533,0,1
3117056,0,0.72698,0,1
3119104,0,0.65396,0,1
3121152,0,0.7405,0,1
3123200,0,0.6337,0,1
3125248,0,0.8583,0,1
3127296,0,0.67172,0,1
3129344,0,0.6752,0,1
3131392,0,0.722229,0,1
3133440,0,0.5735,0,1
3135488,0,0.5786,0,1
3137536,0,0.600767,0,1
3139584,0,0.686875,0,1
3141632,0,0.8338,0,1
3143680,0,0.680767,0,1
3145728,0,0.660667,0,1
3147776,0,0.547867,0,1
3149824,0,0.68252,0,1
3151872,0,0.5655,0,1
3153920,0,0.6371,0,1
3155968,0,0.559533,0,1
3158016,0,0.54818,0,1
3160064,0,0.5654,0,1
3162112,0,0.6787,0,1
3164160,0,0.54745,0,1
3166208,0,0.653,0,1
3168256,0,0.5552,0,1
3170304,0,0.5563,0,0.666667
3172352,0,0.55815,0,1
3174400,0,0.61975,0,1
3176448,0,0.8213,0,1
3178496,0,0.651033,0,1
3180544,0,0.5746,0,1
3182592,0,0.664875,0,1
3184640,0,0.39375,0,0.5
3186688,0,0.63262,0,1
3188736,0,0.5662,0,1
3190784,0,0.701525,0,1
3192832,0,0.542733,0,1
3194880,0,0.55185,0,1
3196928,0,0.620133,0,1
3198976,0,0.6463,0,1
3201024,0,0.4335,0,0.666667
3203072,0,0.5601,0,1
3205120,0,0.54044,0,0.8
3207168,0,0.67535,0,1
3209216,0,0.61032,0,1
3211264,0,0.6549,0,1
3213312,0,0.5676,0,1
3215360,0,0.6573,0,1
3217408,0,0.68525,0,1
3219456,0,0.7397,0,1
3221504,0,0.6538,0,1
3223552,0,0.3843,0,0.5
3225600,0,0.77655,0,1
3227648,0,0.6731,0,1
3229696,0,0.64102,0,1
3231744,0,0.4582,0,1
3233792,0,0.619875,0,1
3235840,0,0.5994,0,1
3237888,0,0.58662,0,1
3239936,0,0.748967,0,1
3241984,0,0.7524,0,1
3244032,0,0.579425,0,0.75
3246080,0,0.6876,0,1
3248128,0,0.646175,0,1
3250176,0,0.536875,0,0.75
3252224,0,0.66745,0,1
3254272,0,0.76485,0,1
3256320,0,0.686725,0,1
3258368,0,0.728325,0,1
3260416,0,0.69975,0,1
3262464,0,0.7042,0,1
3264512,0,0.6968,0,1
3266560,0,0.5627,0,1
3268608,0,0.745375,0,1
3270656,0,0.750933,0,1
3272704,0,0.6426,0,1
3274752,0,0.6505,0,1
3276800,0,0.423467,0,0.666667
3278848,0,0.76135,0,1
3280896,0,0.571667,0,1
3282944,0,0.4203,0,1
3284992,0,0.641275,0,1
3287040,0,0.6795,0,1
3289088,0,0.75535,0,1
3291136,0,0.53298,0,1
3293184,0,0.5948,0,1
3295232,0,0.543575,0,1
3297280,0,0.76885,0,1
3299328,0,0.60888,0,1
3301376,0,0.566325,0,1
3303424,0,0.7513,0,1
3305472,0,0.743233,0,1
3307520,0,0.68262,0,1
3309568,0,0.53892,0,0.8
3311616,0,0.5965,0,1
3313664,0,0.6311,0,0.833333
3315712,0,0.502975,0,1
3317760,0,0.479033,0,0.666667
3319808,0,0.5551,0,1
3321856,0,0.5755,0,1
3323904,0,0.72505,0,1
3325952,0,0.5771,0,1
3328000,0,0.8571,0,1
3330048,0,0.536325,0,0.75
3332096,0,0.502733,0,1
3334144,0,0.44295,0,0.833333
3336192,0,0.4794,0,1
3338240,0,0.58248,0,1
3340288,0,0.5268,0,1
3342336,0,0.5557,0,1
3344384,0,0.4006,0,0.666667
3346432,0,0.6918,0,1
3348480,0,0.4239,0,0.666667
3350528,0,0.570767,0,0.833333
3352576,0,,,
3354624,0,0.6289,0,1
3356672,0,0.6757,0,1
3358720,0,0.5947,0,1
3360768,0,0.3866,0,1
3362816,0,0.781033,0,1
3364864,0,0.5185,0,0.666667
3366912,0,0.4758,0,1
3368960,0,0.6013,0,1
3371008,0,0.466933,0,0.666667
3373056,0,0.57804,0,0.8
3375104,0,0.52865,0,1
3377152,0,0.5127,0,0.666667
3379200,0,0.385875,0,0.5
3381248,0,0.654167,0,1
3383296,0,0.583533,0,1
3385344,0,0.559,0,1
3387392,0,0.69575,0,1
3389440,0,0.62965,0,1
3391488,0,0.633,0,1
3393536,0,0.658367,0,1
3395584,0,0.6482,0,1
3397632,0,0.6016,0,1
3399680,0,0.5465,0,0.666667
3401728,0,0.6734,0,1
3403776,0,0.569725,0,0.75
3405824,0,0.71206,0,1
3407872,0,0.74995,0,1
3409920,0,0.51302,0,1
3411968,0,0.43655,0,1
3414016,0,0.68396,0,1
3416064,0,0.77265,0,1
3418112,0,0.6854,0,1
3420160,0,,,
3422208,0,0.669133,0,1
3424256,0,0.7283,0,1
3426304,0,0.61554,0,1
3428352,0,0.562767,0,1
3430400,0,0.3769,0,0.5
3432448,0,0.63094,0,1
3434496,0,0.7617,0,1
3436544,0,0.633075,0,1
3438592,0,0.618725,0,1
3440640,0,0.655375,0,1
3442688,0,0.616375,0,1
3444736,0,0.64495,0,1
3446784,0,0.7471,0,1
3448832,0,0.78025,0,1
3450880,0,0.730133,0,1
3452928,0,0.656033,0,1
3454976,0,0.67685,0,1
3457024,0,0.509725,0,1
3459072,0,0.72425,0,1
3461120,0,0.718067,0,1
3463168,0,0.550075,0,1
3465216,0,0.60992,0,1
3467264,0,0.603233,0,1
3469312,0,0.7425,0,1
3471360,0,0.636267,0,1
3473408,0,0.591567,0,1
3475456,0,0.6233,0,1
3477504,0,0.498433,0,1
3479552,0,0.60282,0,1
3481600,0,0.620025,0,1
3483648,0,0.472,0,0.666667
3485696,0,0.6929,0,1
3487744,0,0.552133,0,1
3489792,0,0.646067,0,1
3491840,0,0.67605,0,1
3493888,0,0.662933,0,1
3495936,0,0.450233,0,1
3497984,0,0.64178,0,1
3500032,0,0.6221,0,1
3502080,0,0.566325,0,1
3504128,0,0.55915,0,1
3506176,0,0.66478,0,1
3508224,0,0.64555,0,1
3510272,0,0.607017,0,1
3512320,0,0.508367,0,1
3514368,0,0.8386,0,1
3516416,0,0.49405,0,0.75
3518464,0,0.6681,0,1
3520512,0,0.778133,0,1
3522560,0,0.8543,0,1
3524608,0,0.652,0,1
3526656,0,0.4954,0,1
3528704,0,0.682467,0,1
3530752,0,0.609467,0,1
3532800,0,0.530825,0,1
3534848,0,0.55404,0,1
3536896,0,0.645033,0,1
3538944,0,0.403267,0,0.666667
3540992,0,0.637775,0,1
3543040,0,0.692,0,1
3545088,0,0.56195,0,1
3547136,0,0.493225,0,1
3549184,0,0.7696,0,1
3551232,0,0.564967,0,1
3553280,0,0.641371,0,1
3555328,0,0.59155,0,1
3557376,0,0.5547,0,1
3559424,0,0.708433,0,1
3561472,0,0.45115,0,0.5
3563520,0,0.58395,0,1
3565568,0,0.684983,0,1
3567616,0,0.5288,0,0.8
3569664,0,0.4082,0,1
3571712,0,0.74982,0,1
3573760,0,0.5656,0,1
3575808,0,0.5211,0,1
3577856,0,0.614975,0,1
3579904,0,0.82605,0,1
3581952,0,0.6359,0,1
3584000,0,0.650725,0,1
3586048,0,0.5649,0,1
3588096,0,0.634525,0,1
3590144,0,0.5241,0,1
3592192,0,0.5527,0,1
3594240,0,0.620925,0,1
3596288,0,0.54925,0,1
3598336,0,0.5568,0,1
3600384,0,0.6197,0,1
3602432,0,0.67385,0,1
3604480,0,0.79014,0,1
3606528,0,0.5493,0,1
3608576,0,0.7622,0,1
3610624,0,0.66515,0,1
3612672,0,0.708083,0,1
3614720,0,0.622633,0,1
3616768,0,0.64746,0,1
3618816,0,0.6107,0,1
3620864,0,0.73165,0,1
3622912,0,0.405767,0,0.5
3624960,0,0.486,0,1
3627008,0,0.594,0,0.833333
3629056,0,0.67815,0,1
3631104,0,0.7608,0,1
3633152,0,0.668767,0,1
3635200,0,,,
3637248,0,0.63618,0,1
3639296,0,0.632,0,1
3641344,0,0.546467,0,1
3643392,0,0.75172,0,1
3645440,0,0.62065,0,1
3647488,0,0.6744,0,1
3649536,0,0.613675,0,1
3651584,0,0.519,0,1
3653632,0,0.4366,0,1
3655680,0,0.682033,0,1
3657728,0,0.53565,0,1
3659776,0,0.62018,0,1
3661824,0,0.552775,0,0.75
3663872,0,0.5607,0,0.666667
3665920,0,0.60065,0,1
3667968,0,0.593633,0,1
3670016,0,0.607725,0,0.75
3672064,0,0.666425,0,1
3674112,0,0.735733,0,1
3676160,0,0.679333,0,1
3678208,0,0.69282,0,0.8
3680256,0,0.6674,0,0.666667
3682304,0,0.659533,0,1
3684352,0,0.6597,0,1
3686400,0,0.857825,0,1
3688448,0,0.64615,0,1
3690496,0,0.697167,0,1
3692544,0,0.76425,0,1
3694592,0,0.693533,0,1
3696640,0,0.752433,0,1
3698688,0,0.625367,0,1
3700736,0,0.552975,0,0.75
3702784,0,0.68826,0,1
3704832,0,0.576333,0,1
3706880,0,0.2412,0,0
3708928,0,0.68715,0,1
3710976,0,0.5884,0,1
3713024,0,0.73726,0,1
3715072,0,0.78725,0,1
3717120,0,0.730175,0,1
3719168,0,0.6629,0,0.75
3721216,0,0.675525,0,1
3723264,0,0.6944,0,1
3725312,0,0.6617,0,0.875
3727360,0,0.635175,0,1
3729408,0,0.579667,0,1
3731456,0,0.54395,0,1
3733504,0,0.52528,0,0.8
3735552,0,0.719867,0,1
3737600,0,0.717517,0,1
3739648,0,0.6793,0,1
3741696,0,0.814067,0,1
3743744,0,0.808833,0,1
3745792,0,0.77588,0,1
3747840,0,0.7759,0,1
3749888,0,0.66624,0,0.8
3751936,0,0.74374,0,1
3753984,0,0.624,0,1
3756032,0,0.71156,0,1
3758080,0,0.77898,0,1
3760128,0,0.702233,0,1
3762176,0,0.727717,0,1
3764224,0,0.61695,0,1
3766272,0,0.75324,0,1
3768320,0,0.7555,0,1
3770368,0,0.642014,0,1
3772416,0,0.6831,0,1
3774464,0,0.753425,0,1
3776512,0,0.719033,0,1
3778560,0,0.594867,0,1
3780608,0,0.6595,0,1
3782656,0,0.66762,0,1
3784704,0,0.64375,0,1
3786752,0,0.674267,0,1
3788800,0,0.7597,0,1
3790848,0,0.593729,0,0.857143
3792896,0,0.7603,0,1
3794944,0,0.69222,0,1
3796992,0,0.5579,0,1
3799040,0,0.577833,0,0.833333
3801088,0,0.685233,0,1
3803136,0,0.7237,0,1
3805184,0,0.630617,0,1
3807232,0,0.481267,0,1
3809280,0,0.840175,0,1
3811328,0,0.7934,0,1
3813376,0,0.65422,0,0.8
3815424,0,0.6248,0,1
3817472,0,0.637,0,1
3819520,0,0.725075,0,1
3821568,0,0.724,0,1
3823616,0,0.5676,0,1
3825664,0,0.66585,0,1
3827712,0,0.3692,0,1
3829760,0,0.623875,0,0.75
3831808,0,0.641617,0,1
3833856,0,0.520625,0,0.75
3835904,0,0.690433,0,1
3837952,0,0.60205,0,1
3840000,0,0.636833,0,0.666667
3842048,0,0.59768,0,1
3844096,0,0.61438,0,1
3846144,0,0.8583,0,1
3848192,0,0.66748,0,1
3850240,0,0.649671,0,1
3852288,0,0.7372,0,1
3854336,0,0.7098,0,1
3856384,0,0.644075,0,1
3858432,0,0.753867,0,1
3860480,0,0.70335,0,1
3862528,0,0.744667,0,1
3864576,0,0.63898,0,1
3866624,0,0.85745,0,1
3868672,0,0.72756,0,1
3870720,0,0.588933,0,1
3872768,0,0.654575,0,1
3874816,0,0.6924,0,1
3876864,0,0.70755,0,1
3878912,0,0.752767,0,1
3880960,0,0.666517,0,1
3883008,0,0.724267,0,1
3885056,0,0.6909,0,1
3887104,0,0.66834,0,1
3889152,0,0.644575,0,1
3891200,0,0.74116,0,1
3893248,0,0.522933,0,1
3895296,0,0.7279,0,1
3897344,0,0.701467,0,1
3899392,0,0.6232,0,1
3901440,0,0.7678,0,1
3903488,0,0.7297,0,1
3905536,0,0.5777,0,0.75
3907584,0,0.695725,0,1
3909632,0,0.601875,0,1
3911680,0,0.5927,0,1
3913728,0,0.63924,0,0.8
3915776,0,0.7447,0,1
3917824,0,0.769675,0,1
3919872,0,0.5999,0,1
3921920,0,0.5662,0,1
3923968,0,0.63526,0,0.8
3926016,0,0.5391,0,0.666667
3928064,0,0.811033,0,1
3930112,0,0.674533,0,1
3932160,0,0.7072,0,1
3934208,0,0.60735,0,0.833333
3936256,0,0.740133,0,1
3938304,0,0.799033,0,1
3940352,0,0.7858,0,1
3942400,0,0.73155,0,1
3944448,0,0.56225,0,1
3946496,0,0.7232,0,1
3948544,0,0.410075,0,0.75
3950592,0,0.626933,0,1
3952640,0,0.71704,0,1
3954688,0,0.8578,0,1
3956736,0,0.7605,0,1
3958784,0,0.77352,0,1
3960832,0,0.53022,0,0.8
3962880,0,0.517975,0,0.75
3964928,0,0.766425,0,1
3966976,0,0.69155,0,1
3969024,0,0.68795,0,1
3971072,0,0.83562,0,1
3973120,0,0.65815,0,1
3975168,0,0.737833,0,1
3977216,0,0.764,0,1
3979264,0,0.75536,0,1
3981312,0,0.57626,0,0.8
3983360,0,0.611733,0,1
3985408,0,0.777025,0,1
3987456,0,0.7791,0,1
3989504,0,0.7231,0,1
3991552,0,0.815525,0,1
3993600,0,0.76805,0,1
3995648,0,0.79995,0,1
3997696,0,0.7531,0,1
3999744,0,0.703525,0,1
4001792,0,0.7811,0,1
4003840,0,0.71928,0,1
4005888,0,0.647325,0,0.75
4007936,0,0.689775,0,1
4009984,0,0.7549,0,1
4012032,0,0.63565,0,1
4014080,0,0.632825,0,1
4016128,0,0.7139,0,1
4018176,0,0.7425,0,1
4020224,0,0.688333,0,1
4022272,0,0.73542,0,1
4024320,0,0.61235,0,0.75
4026368,0,0.74218,0,1
4028416,0,0.798867,0,1
4030464,0,0.7435,0,1
4032512,0,0.51584,0,0.8
4034560,0,0.742775,0,1
4036608,0,0.7908,0,1
4038656,0,0.60064,0,1
4040704,0,0.740867,0,1
4042752,0,0.839875,0,1
4044800,0,0.8559,0,1
4046848,0,0.77885,0,1
4048896,0,0.6976,0,1
4050944,0,0.68786,0,0.8
4052992,0,0.698267,0,1
4055040,0,0.630275,0,0.75
4057088,0,0.79875,0,1
4059136,0,0.63312,0,0.8
4061184,0,0.71235,0,1
4063232,0,0.830033,0,1
4065280,0,0.839333,0,1
4067328,0,0.757517,0,1
4069376,0,0.65645,0,1
4071424,0,0.7856,0,1
4073472,0,0.681,0,1
4075520,0,0.8121,0,1
4077568,0,0.6032,0,0.75
4079616,0,0.596067,0,1
4081664,0,0.745025,0,1
4083712,0,0.79978,0,1
4085760,0,0.61082,0,1
4087808,0,0.452233,0,0.666667
4089856,0,0.724767,0,1
4091904,0,0.80265,0,1
4093952,0,0.71365,0,1
4096000,0,0.6825,0,0.75
4098048,0,0.76466,0,1
4100096,0,0.58885,0,1
4102144,0,0.8035,0,1
4104192,0,0.8585,0,1
4106240,0,0.771575,0,1
4108288,0,0.790625,0,1
4110336,0,0.7882,0,1
4112384,0,0.664625,0,0.75
4114432,0,0.82315,0,1
4116480,0,0.69244,0,1
4118528,0,0.662067,0,1
4120576,0,0.809975,0,1
4122624,0,0.614367,0,0.666667
4124672,0,0.774033,0,1
4126720,0,0.718933,0,1
4128768,0,0.789875,0,1
4130816,0,0.61398,0,0.8
4132864,0,0.7415,0,1
4134912,0,0.49626,0,0.8
4136960,0,0.807967,0,1
4139008,0,0.6895,0,1
4141056,0,0.716333,0,1
4143104,0,0.8111,0,1
4145152,0,0.70016,0,0.8
4147200,0,0.850567,0,1
4149248,0,0.742175,0,1
4151296,0,0.789,0,1
4153344,0,0.63415,0,1
4155392,0,0.627917,0,0.833333
4157440,0,0.624467,0,1
4159488,0,0.7764,0,1
4161536,0,,,
4163584,0,0.772983,0,1
4165632,0,0.8068,0,1
4167680,0,0.82618,0,1
4169728,0,0.70145,0,1
4171776,0,0.833667,0,1
4173824,0,0.8576,0,1
4175872,0,0.64575,0,0.75
4177920,0,0.513033,0,0.666667
4179968,0,0.6946,0,1
4182016,0,0.6903,0,1
4184064,0,0.68775,0,0.75
4186112,0,0.5536,0,1
4188160,0,0.77425,0,1
4190208,0,0.7316,0,1
4192256,0,0.8597,0,1
4194304,0,0.62392,0,0.8
4196352,0,0.714025,0,1
4198400,0,0.59595,0,1
4200448,0,0.757933,0,1
4202496,0,0.7601,0,1
4204544,0,0.6884,0,0.75
4206592,0,0.69925,0,1
4208640,0,0.6624,0,1
4210688,0,0.849533,0,1
4212736,0,0.77,0,1
4214784,0,0.755025,0,1
4216832,0,0.6061,0,1
4218880,0,0.746667,0,1
4220928,0,0.6721,0,1
4222976,0,0.771675,0,1
4225024,0,0.34045,0,0.5
4227072,0,0.54485,0,0.75
4229120,0,0.5482,0,1
4231168,0,0.78418,0,1
4233216,0,0.49605,0,0.75
4235264,0,0.51376,0,0.8
4237312,0,0.552033,0,1
4239360,0,0.607086,0,1
4241408,0,0.6702,0,1
4243456,0,0.78055,0,1
4245504,0,0.744767,0,1
4247552,0,0.801375,0,1
4249600,0,0.629117,0,0.833333
4251648,0,0.710133,0,1
4253696,0,0.744333,0,1
4255744,0,0.739075,0,1
4257792,0,0.68485,0,1
4259840,0,0.798425,0,1
4261888,0,0.771833,0,1
4263936,0,0.59926,0,1
4265984,0,0.74148,0,1
4268032,0,0.8583,0,1
4270080,0,0.5981,0,1
4272128,0,0.70022,0,1
4274176,0,0.82215,0,1
4276224,0,0.645067,0,0.833333
4278272,0,0.724075,0,1
4280320,0,0.6051,0,1
4282368,0,0.8278,0,1
4284416,0,0.76606,0,1
4286464,0,0.69556,0,1
4288512,0,0.746933,0,1
4290560,0,0.71306,0,0.8
4292608,0,0.57256,0,0.8
4294656,0,0.6325,0,1
4296704,0,0.5893,0,0.75
4298752,0,0.727475,0,1
4300800,0,0.77375,0,1
4302848,0,0.665025,0,1
4304896,0,0.65618,0,1
4306944,0,0.64792,0,1
4308992,0,0.706325,0,1
4311040,0,0.70085,0,1
4313088,0,0.5846,0,0.75
4315136,0,0.70195,0,1
4317184,0,0.740433,0,1
4319232,0,0.59644,0,1
4321280,0,,,
4323328,0,0.744329,0,1
4325376,0,0.71305,0,1
4327424,0,0.623233,0,1
4329472,0,0.564467,0,0.833333
4331520,0,0.6776,0,1
4333568,0,0.69844,0,1
4335616,0,0.724233,0,1
4337664,0,0.69776,0,1
4339712,0,0.700075,0,1
4341760,0,0.731167,0,1
4343808,0,0.728467,0,1
4345856,0,0.757975,0,1
4347904,0,0.720225,0,1
4349952,0,0.833525,0,1
4352000,0,0.794325,0,1
4354048,0,0.67435,0,1
4356096,0,0.786075,0,1
4358144,0,0.677267,0,1
4360192,0,0.76244,0,1
4362240,0,0.6183,0,1
4364288,0,0.829033,0,1
4366336,0,0.5511,0,1
4368384,0,0.757067,0,1
4370432,0,0.729275,0,1
4372480,0,0.733133,0,1
4374528,0,0.59148,0,1
4376576,0,,,
4378624,0,0.7648,0,1
4380672,0,0.763167,0,1
4382720,0,0.746425,0,1
4384768,0,0.718875,0,1
4386816,0,0.59335,0,1
4388864,0,0.7653,0,1
4390912,0,,,
4392960,0,0.748157,0,1
4395008,0,0.7956,0,1
4397056,0,0.8134,0,1
4399104,0,0.679517,0,0.833333
4401152,0,0.656133,0,1
4403200,0,0.66595,0,0.75
4405248,0,0.646075,0,1
4407296,0,0.591025,0,0.75
4409344,0,0.754125,0,1
4411392,0,0.676125,0,1
4413440,0,0.68625,0,1
4415488,0,0.76865,0,1
4417536,0,0.826767,0,1
4419584,0,0.6876,0,1
4421632,0,0.803325,0,1
4423680,0,0.535667,0,0.666667
4425728,0,0.791975,0,1
4427776,0,0.47915,0,0.5
4429824,0,0.5992,0,0.75
4431872,0,0.73305,0,1
4433920,0,0.6119,0,1
4435968,0,0.637867,0,0.666667
4438016,0,0.764975,0,1
4440064,0,0.37228,0,0.4
4442112,0,0.5295,0,0.5
4444160,0,0.554833,0,0.666667
4446208,0,0.75258,0,1
4448256,0,0.609825,0,1
4450304,0,0.46165,0,0.5
4452352,0,0.421067,0,0.333333
4454400,0,0.543443,0,0.714286
4456448,0,0.59845,0,1
4458496,0,,,
4460544,0,0.7547,0,1
4462592,0,0.6887,0,1
4464640,0,0.6056,0,1
4466688,0,0.755429,0,1
4468736,0,0.496125,0,0.75
4470784,0,0.5522,0,1
4472832,0,0.7075,0,1
4474880,0,0.70085,0,1
4476928,0,0.548833,0,0.666667
4478976,0,0.6966,0,1
4481024,0,0.652933,0,1
4483072,0,0.77115,0,1
4485120,0,0.62615,0,1
4487168,0,0.351,0,0.5
4489216,0,0.438333,0,0.666667
4491264,0,0.789533,0,1
4493312,0,0.63634,0,1
4495360,0,0.533433,0,0.666667
4497408,0,0.684667,0,1
4499456,0,0.77555,0,1
4501504,0,0.68975,0,1
4503552,0,0.6327,0,1
4505600,0,0.75795,0,1
4507648,0,0.607125,0,0.75
4509696,0,0.6716,0,1
4511744,0,0.7667,0,1
4513792,0,0.5066,0,1
4515840,0,0.57022,0,1
4517888,0,0.7397,0,1
4519936,0,0.575125,0,1
4521984,0,0.2412,0,0
4524032,0,0.613033,0,0.666667
4526080,0,0.735467,0,1
4528128,0,0.4509,0,1
4530176,0,0.76942,0,1
4532224,0,0.67305,0,1
4534272,0,0.82295,0,1
4536320,0,0.755,0,1
4538368,0,0.627333,0,1
4540416,0,0.36045,0,0.5
4542464,0,0.725867,0,1
4544512,0,0.78945,0,1
4546560,0,0.55636,0,1
4548608,0,0.499633,0,0.666667
4550656,0,0.827833,0,1
4552704,0,0.773,0,1
4554752,0,0.744733,0,1
4556800,0,0.703875,0,1
4558848,0,0.69335,0,1
4560896,0,0.8043,0,1
4562944,0,0.858833,0,1
4564992,0,0.8415,0,1
4567040,0,0.625075,0,0.75
4569088,0,0.8213,0,1
4571136,0,0.82665,0,1
4573184,0,0.80415,0,1
4575232,0,0.71365,0,1
4577280,0,0.7055,0,1
4579328,0,0.68025,0,1
4581376,0,0.612575,0,0.75
4583424,0,,,
4585472,0,0.8405,0,1
4587520,0,0.777367,0,1
4589568,0,0.8576,0,1
4591616,0,0.742625,0,1
4593664,0,0.708833,0,1
4595712,0,0.752867,0,1
4597760,0,0.81025,0,1
4599808,0,0.850667,0,1
4601856,0,0.783175,0,1
4603904,0,0.77315,0,1
4605952,0,0.733733,0,1
4608000,0,0.73166,0,1
4610048,0,0.6294,0,1
4612096,0,0.7039,0,1
4614144,0,0.81335,0,1
4616192,0,0.737367,0,1
4618240,0,0.81406,0,1
4620288,0,0.8269,0,1
4622336,0,0.78715,0,1
4624384,0,0.703,0,1
4626432,0,0.81746,0,1
4628480,0,0.83935,0,1
4630528,0,0.793275,0,1
4632576,0,0.60534,0,0.8
4634624,0,0.669767,0,1
4636672,0,0.76775,0,1
4638720,0,0.7078,0,1
4640768,0,0.74585,0,1
4642816,0,0.804,0,1
4644864,0,0.8421,0,1
4646912,0,0.713017,0,1
4648960,0,0.519133,0,0.666667
4651008,0,0.76194,0,1
4653056,0,0.6823,0,1
4655104,0,0.857517,0,1
4657152,0,0.62295,0,1
4659200,0,0.71255,0,1
4661248,0,0.7561,0,1
4663296,0,0.42505,0,0.5
4665344,0,0.792875,0,1
4667392,0,0.698375,0,1
4669440,0,0.82985,0,1
4671488,0,0.8444,0,1
4673536,0,0.609925,0,0.75
4675584,0,0.8047,0,1
4677632,0,0.83785,0,1
4679680,0,0.6368,0,1
4681728,0,0.85655,0,1
4683776,0,0.632267,0,1
4685824,0,0.6273,0,1
4687872,0,0.8272,0,1
4689920,0,0.73965,0,1
4691968,0,0.8015,0,1
4694016,0,0.683,0,1
4696064,0,0.831675,0,1
4698112,0,0.5669,0,1
4700160,0,0.3921,0,1
4702208,0,0.808633,0,1
4704256,0,0.649775,0,1
4706304,0,0.85895,0,1
4708352,0,0.5623,0,1
4710400,0,0.741733,0,1
4712448,0,0.7996,0,1
4714496,0,0.8014,0,1
4716544,0,0.8154,0,1
4718592,0,0.5483,0,1
4720640,0,0.72975,0,1
4722688,0,0.44915,0,0.5
4724736,0,0.650075,0,0.75
4726784,0,0.6554,0,1
4728832,0,0.82865,0,1
4730880,0,0.629775,0,0.75
4732928,0,0.76335,0,1
4734976,0,0.744667,0,1
4737024,0,0.7655,0,1
4739072,0,0.4772,0,0.666667
4741120,0,0.67042,0,0.8
4743168,0,0.5408,0,1
4745216,0,0.769475,0,1
4747264,0,0.7841,0,1
4749312,0,0.70545,0,1
4751360,0,0.68245,0,0.75
4753408,0,0.857067,0,1
4755456,0,0.8316,0,1
4757504,0,0.796775,0,1
4759552,0,0.69685,0,1
4761600,0,0.712675,0,1
4763648,0,0.7616,0,1
4765696,0,0.839467,0,1
4767744,0,0.865867,0,1
4769792,0,0.8412,0,1
4771840,0,0.846125,0,1
4773888,0,0.858167,0,1
4775936,0,0.66438,0,0.8
4777984,0,0.57365,0,1
4780032,0,0.801,0,1
4782080,0,0.79364,0,1
4784128,0,0.47915,0,0.5
4786176,0,0.778375,0,1
4788224,0,0.76544,0,1
4790272,0,0.737667,0,1
4792320,0,0.71285,0,1
4794368,0,0.8597,0,1
4796416,0,0.7891,0,1
4798464,0,0.703725,0,0.75
4800512,0,0.47575,0,0.5
4802560,0,0.830167,0,1
4804608,0,0.70285,0,1
4806656,0,0.744867,0,1
4808704,0,0.69298,0,0.8
4810752,0,0.8473,0,1
4812800,0,0.668575,0,0.75
4814848,0,0.857,0,1
4816896,0,0.837675,0,1
4818944,0,0.79772,0,1
4820992,0,0.761733,0,1
4823040,0,0.79145,0,1
4825088,0,0.836475,0,1
4827136,0,0.8396,0,1
4829184,0,0.8568,0,1
4831232,0,0.6819,0,0.8
4833280,0,0.766925,0,1
4835328,0,0.790333,0,1
4837376,0,0.85885,0,1
4839424,0,0.84486,0,1
4841472,0,0.6051,0,0.666667
4843520,0,0.7908,0,1
4845568,0,0.754275,0,1
4847616,0,0.84915,0,1
4849664,0,0.60404,0,0.8
4851712,0,0.7289,0,1
4853760,0,0.845,0,1
4855808,0,0.700783,0,1
4857856,0,0.7133,0,1
4859904,0,0.8594,0,1
4861952,0,0.689475,0,0.75
4864000,0,0.6525,0,1
4866048,0,0.64404,0,0.8
4868096,0,0.7488,0,1
4870144,0,0.815275,0,1
4872192,0,0.642333,0,0.666667
4874240,0,0.815325,0,1
4876288,0,0.8575,0,1
4878336,0,0.71215,0,1
4880384,0,0.774167,0,1
4882432,0,0.84355,0,1
4884480,0,0.8631,0,1
4886528,0,0.740333,0,1
4888576,0,0.859175,0,1
4890624,0,0.70455,0,1
4892672,0,0.741575,0,1
4894720,0,0.6015,0,1
4896768,0,0.6788,0,1
4898816,0,0.81185,0,1
4900864,0,0.729367,0,1
4902912,0,0.6334,0,1
4904960,0,0.85865,0,1
4907008,0,0.8497,0,1
4909056,0,0.828633,0,1
4911104,0,0.741,0,1
4913152,0,0.7707,0,1
4915200,0,0.71794,0,1
4917248,0,0.507725,0,0.5
4919296,0,0.78,0,1
4921344,0,0.805433,0,1
4923392,0,0.85925,0,1
4925440,0,0.8158,0,1
4927488,0,0.83015,0,1
4929536,0,0.827275,0,1
4931584,0,0.8583,0,1
4933632,0,0.72406,0,1
4935680,0,0.846533,0,1
4937728,0,0.7739,0,1
4939776,0,0.8597,0,1
4941824,0,0.8217,0,1
4943872,0,0.850325,0,1
4945920,0,0.85885,0,1
4947968,0,0.80966,0,1
4950016,0,0.8299,0,1
4952064,0,0.6188,0,0.8
4954112,0,0.8578,0,1
4956160,0,0.8585,0,1
4958208,0,0.8448,0,1
4960256,0,0.75964,0,1
4962304,0,0.53465,0,0.5
4964352,0,0.5502,0,0.5
4966400,0,0.82814,0,1
4968448,0,0.686833,0,1
4970496,0,0.72775,0,1
4972544,0,0.8284,0,1
4974592,0,0.82625,0,1
4976640,0,0.799625,0,1
4978688,0,0.7389,0,1
4980736,0,0.852833,0,1
4982784,0,0.783125,0,1
4984832,0,0.85925,0,1
4986880,0,0.73832,0,1
4988928,0,0.63785,0,1
4990976,0,0.70582,0,1
4993024,0,0.2404,0,0
4995072,0,0.685575,0,0.75
4997120,0,0.710225,0,1
4999168,0,0.784875,0,1
5001216,0,0.859,0,1
