# W&B run 9ikt5jpx; progress (keyed), clear_rate and key_rate are averages of training Attempts ended since the last point; key_rate is blank where the run did not log it
step,ep_rew_mean,progress,clear_rate,key_rate
2048,0,0.00455,0,0
4096,0,0.133075,0,0
6144,0,0.073625,0,0
8192,0,0.0115,0,0
10240,0,0.0046,0,0
12288,0,0.0444,0,0
14336,0,0.0636333,0,0
16384,0,0.0621,0,0
18432,0,0.0386143,0,0
20480,0,0.0681,0,0
22528,0,0.0376667,0,0
24576,0,0.03344,0,0
26624,0,0.0308857,0,0
28672,0,0.0435667,0,0
30720,0,0.01484,0,0
32768,0,0.0038125,0,0
34816,0,0.0267667,0,0
36864,0,0.00942,0,0
38912,0,0.0107429,0,0
40960,0,0.00575,0,0
43008,0,0.0141833,0,0
45056,0,0.0012,0,0
47104,0,0.0223333,0,0
49152,0,0.016875,0,0
51200,0,0.0293,0,0
53248,0,0.0338833,0,0
55296,0,0.00106667,0,0
57344,0,0.0004,0,0
59392,0,0.0166,0,0
61440,0,0.0709667,0,0
63488,0,0.00752,0,0
65536,0,0.020225,0,0
67584,0,0.0052,0,0
69632,0,0.00475,0,0
71680,0,0.00546667,0,0
73728,0,0.0496,0,0
75776,0,0.0145333,0,0
77824,0,0.00894,0,0
79872,0,0.056675,0,0
81920,0,0.00143333,0,0
83968,0,0.0111667,0,0
86016,0,0.0231,0,0
88064,0,0.0152,0,0
90112,0,0.0473,0,0
92160,0,0.00544,0,0
94208,0,0.0675,0,0
96256,0,0.01435,0,0
98304,0,0.03068,0,0
100352,0,0.02115,0,0
102400,0,0.0045,0,0
104448,0,0.00376667,0,0
106496,0,0.00755,0,0
108544,0,0.0213,0,0
110592,0,0.0018,0,0
112640,0,0.0108167,0,0
114688,0,0.00218,0,0
116736,0,0.02062,0,0
118784,0,0.0416333,0,0
120832,0,0.017625,0,0
122880,0,0.03605,0,0
124928,0,0.00643333,0,0
126976,0,0.0038,0,0
129024,0,0.0354667,0,0
131072,0,0.026375,0,0
133120,0,0.0027,0,0
135168,0,0.0342667,0,0
137216,0,0.0261,0,0
139264,0,0.0042,0,0
141312,0,0.0075,0,0
143360,0,0.01695,0,0
145408,0,0.00813333,0,0
147456,0,0.0024,0,0
149504,0,0.0145333,0,0
151552,0,0.00773333,0,0
153600,0,0.05145,0,0
155648,0,0.00113333,0,0
157696,0,0.0514,0,0
159744,0,0.001,0,0
161792,0,0.0022,0,0
163840,0,0.0131333,0,0
165888,0,0.00255,0,0
167936,0,0.0153,0,0
169984,0,0.00535,0,0
172032,0,0.0183,0,0
174080,0,0.0409,0,0
176128,0,0.0258667,0,0
178176,0,0.0036,0,0
180224,0,0.0018,0,0
182272,0,0.0026,0,0
184320,0,0.00635,0,0
186368,0,0.0210667,0,0
188416,0,0.00045,0,0
190464,0,0.0171667,0,0
192512,0,0.1102,0,0
194560,0,0.0019,0,0
196608,0,0.00765,0,0
198656,0,0.0436,0,0
200704,0,0.0101,0,0
202752,0,0.0007,0,0
204800,0,0.0210667,0,0
206848,0,0.019675,0,0
208896,0,0.030475,0,0
210944,0,0.00285,0,0
212992,0,0.02384,0,0
215040,0,0.0038,0,0
217088,0,0.0108333,0,0
219136,0,0.0006,0,0
221184,0,0.02985,0,0
223232,0,0.007725,0,0
225280,0,0.00395,0,0
227328,0,0.002525,0,0
229376,0,0.0518,0,0
231424,0,0.026225,0,0
233472,0,0.00843333,0,0
235520,0,0.00214,0,0
237568,0,0.0115,0,0
239616,0,0.035,0,0
241664,0,0.061325,0,0
243712,0,0.001,0,0
245760,0,0.0111,0,0
247808,0,0.00363333,0,0
249856,0,0.002475,0,0
251904,0,0.009675,0,0
253952,0,0.003,0,0
256000,0,0.00476667,0,0
258048,0,0.00265,0,0
260096,0,0.0339667,0,0
262144,0,0,0,0
264192,0,0.0078,0,0
266240,0,0.04435,0,0
268288,0,0.00121667,0,0
270336,0,0.0114,0,0
272384,0,0.0183,0,0
274432,0,0.0004,0,0
276480,0,,,
278528,0,0.0002,0,0
280576,0,0.0392,0,0
282624,0,0.00082,0,0
284672,0,0.005575,0,0
286720,0,0.00106667,0,0
288768,0,0.0028,0,0
290816,0,0,0,0
292864,0,0.03864,0,0
294912,0,0.04665,0,0
296960,0,0.004275,0,0
299008,0,0.03212,0,0
301056,0,0.00275,0,0
303104,0,0.00843333,0,0
305152,0,0.004025,0,0
307200,0,0.003875,0,0
309248,0,0.0013,0,0
311296,0,0.0077,0,0
313344,0,0.0216167,0,0
315392,0,0.0116,0,0
317440,0,0.02552,0,0
319488,0,0.0042,0,0
321536,0,0.02026,0,0
323584,0,0.0051,0,0
325632,0,0.03685,0,0
327680,0,0.01775,0,0
329728,0,0.0124,0,0
331776,0,0.00285,0,0
333824,0,0.005175,0,0
335872,0,0.0232333,0,0
337920,0,0.0249,0,0
339968,0,0.0535667,0,0
342016,0,0.00953333,0,0
344064,0,0.0039,0,0
346112,0,0.006825,0,0
348160,0,0.002,0,0
350208,0,0.0027,0,0
352256,0,,,
354304,0,0.01475,0,0
356352,0,0.0173,0,0
358400,0,0,0,0
360448,0,0.01635,0,0
362496,0,0.0566333,0,0
364544,0,0.0035,0,0
366592,0,0.000975,0,0
368640,0,0.002,0,0
370688,0,0.02585,0,0
372736,0,0.00065,0,0
374784,0,0.02515,0,0
376832,0,0.04905,0,0
378880,0,0.05885,0,0
380928,0,0.02435,0,0
382976,0,0.0133,0,0
385024,0,0.0103333,0,0
387072,0,0.00295,0,0
389120,0,0.0332333,0,0
391168,0,0.003,0,0
393216,0,0.01965,0,0
395264,0,0.00983333,0,0
397312,0,0.0027,0,0
399360,0,0.0066,0,0
401408,0,0.00136667,0,0
403456,0,0.0336333,0,0
405504,0,0.00243333,0,0
407552,0,0.00485,0,0
409600,0,0.0241143,0,0
411648,0,0.01115,0,0
413696,0,0.0271,0,0
415744,0,0.00505,0,0
417792,0,0.006725,0,0
419840,0,0.0025,0,0
421888,0,0.00035,0,0
423936,0,0.01,0,0
425984,0,0.00256667,0,0
428032,0,0.00215,0,0
430080,0,0.00425,0,0
432128,0,0.005375,0,0
434176,0,0,0,0
436224,0,,,
438272,0,0.01365,0,0
440320,0,0.0988,0,0
442368,0,0.00816667,0,0
444416,0,0.0024,0,0
446464,0,0.0036,0,0
448512,0,0.00075,0,0
450560,0,0.00923333,0,0
452608,0,0,0,0
454656,0,0.003,0,0
456704,0,0.0022,0,0
458752,0,0.0278,0,0
460800,0,0.0085,0,0
462848,0,0.0337,0,0
464896,0,0.0161,0,0
466944,0,0.024,0,0
468992,0,0.004,0,0
471040,0,0.0121,0,0
473088,0,0.048975,0,0
475136,0,0.02595,0,0
477184,0,0.008425,0,0
479232,0,0.00753333,0,0
481280,0,0.00476,0,0
483328,0,0.0256667,0,0
485376,0,0.0365333,0,0
487424,0,0.006475,0,0
489472,0,0.0411,0,0
491520,0,0.00434,0,0
493568,0,0.01395,0,0
495616,0,0.011025,0,0
497664,0,0.05245,0,0
499712,0,0.0022,0,0
501760,0,0.0091,0,0
503808,0,0.0026,0,0
505856,0,0.0205,0,0
507904,0,0.0678667,0,0
509952,0,0.00466,0,0
512000,0,0.0036,0,0
514048,0,0.0065,0,0
516096,0,0.00395,0,0
518144,0,0.00836667,0,0
520192,0,0.00413333,0,0
522240,0,0.0263,0,0
524288,0,0.00582,0,0
526336,0,0.020575,0,0
528384,0,0.00598571,0,0
530432,0,0.00135,0,0
532480,0,0.05125,0,0
534528,0,0.005425,0,0
536576,0,0.01442,0,0
538624,0,0.00436667,0,0
540672,0,0.0087,0,0
542720,0,0.0366667,0,0
544768,0,0.0018,0,0
546816,0,0.0109667,0,0
548864,0,0.0045,0,0
550912,0,0.02545,0,0
552960,0,0.002,0,0
555008,0,0.006325,0,0
557056,0,0.0055,0,0
559104,0,0.0011,0,0
561152,0,0.0147,0,0
563200,0,0.0016,0,0
565248,0,0.00105,0,0
567296,0,0.0112,0,0
569344,0,0.0055,0,0
571392,0,0.00295,0,0
573440,0,0.00143333,0,0
575488,0,0.0118667,0,0
577536,0,0.031525,0,0
579584,0,0.01545,0,0
581632,0,0.001025,0,0
583680,0,0.0218,0,0
585728,0,0.016,0,0
587776,0,0.002475,0,0
589824,0,0.00065,0,0
591872,0,0.001,0,0
593920,0,0.0341,0,0
595968,0,0.0562333,0,0
598016,0,0.0955,0,0
600064,0,0.052,0,0
602112,0,0.025275,0,0
604160,0,0.0009,0,0
606208,0,,,
608256,0,0.000425,0,0
610304,0,0.0044,0,0
612352,0,0.0081,0,0
614400,0,0.0421,0,0
616448,0,0.00525,0,0
618496,0,0.0008,0,0
620544,0,0.0104,0,0
622592,0,0.0031,0,0
624640,0,0.000833333,0,0
626688,0,0.0457667,0,0
628736,0,0.0092,0,0
630784,0,,,
632832,0,0.0285667,0,0
634880,0,0.0067,0,0
636928,0,0.0016,0,0
638976,0,0.009575,0,0
641024,0,0.00135,0,0
643072,0,0,0,0
645120,0,0.0073,0,0
647168,0,0.05945,0,0
649216,0,0.00216667,0,0
651264,0,0.00055,0,0
653312,0,0.0123,0,0
655360,0,0.001475,0,0
657408,0,0.0307,0,0
659456,0,0.00776667,0,0
661504,0,0.00103333,0,0
663552,0,0.000975,0,0
665600,0,0.0342667,0,0
667648,0,0.0356667,0,0
669696,0,0.01225,0,0
671744,0,0.0431333,0,0
673792,0,,,
675840,0,0.0071,0,0
677888,0,,,
679936,0,0.00365,0,0
681984,0,0.0062,0,0
684032,0,0,0,0
686080,0,,,
688128,0,0.02542,0,0
690176,0,0.003925,0,0
692224,0,0.0237,0,0
694272,0,0.0341833,0,0
696320,0,0.01255,0,0
698368,0,0.0289333,0,0
700416,0,0.0059,0,0
702464,0,0.0201,0,0
704512,0,0.00696667,0,0
706560,0,0.0037,0,0
708608,0,0.00155,0,0
710656,0,0.00176667,0,0
712704,0,0.0284333,0,0
714752,0,0.0979,0,0
716800,0,0.0492,0,0
718848,0,0.00375,0,0
720896,0,0.026425,0,0
722944,0,0.0005,0,0
724992,0,0.0399,0,0
727040,0,0.000433333,0,0
729088,0,0.00763333,0,0
731136,0,0.03205,0,0
733184,0,0.0351,0,0
735232,0,0.00688,0,0
737280,0,0.0163,0,0
739328,0,0.0119,0,0
741376,0,0.0013,0,0
743424,0,0.009,0,0
745472,0,0.0138,0,0
747520,0,0.0022,0,0
749568,0,0.0158,0,0
751616,0,0.0521,0,0
753664,0,0.0223333,0,0
755712,0,0.0022,0,0
757760,0,0.0023,0,0
759808,0,0.0024,0,0
761856,0,0.0106333,0,0
763904,0,,,
765952,0,0.0011,0,0
768000,0,0.0031,0,0
770048,0,0.0566,0,0
772096,0,0.04865,0,0
774144,0,0.0112,0,0
776192,0,0.00266667,0,0
778240,0,0.0192,0,0
780288,0,0.01005,0,0
782336,0,0.0031,0,0
784384,0,0.00236667,0,0
786432,0,0.0182,0,0
788480,0,0.02402,0,0
790528,0,0.0127,0,0
792576,0,0.0115333,0,0
794624,0,0.05444,0,0
796672,0,0.0525,0,0
798720,0,0.0348667,0,0
800768,0,0.065,0,0
802816,0,0.0307,0,0
804864,0,0.000866667,0,0
806912,0,0.0201,0,0
808960,0,0.0995,0,0
811008,0,0.0104333,0,0
813056,0,0.0955,0,0
815104,0,0.0046,0,0
817152,0,0.00376667,0,0
819200,0,0.0004,0,0
821248,0,0.0026,0,0
823296,0,0.014725,0,0
825344,0,0.0321,0,0
827392,0,0.02735,0,0
829440,0,0.01515,0,0
831488,0,0.0131,0,0
833536,0,0.00703333,0,0
835584,0,0.00652,0,0
837632,0,0.018,0,0
839680,0,0.0135333,0,0
841728,0,0.0292667,0,0
843776,0,0.021,0,0
845824,0,0.05418,0,0
847872,0,0.0177,0,0
849920,0,0.00414,0,0
851968,0,0.027925,0,0
854016,0,0.0047,0,0
856064,0,0.0257,0,0
858112,0,0.0142333,0,0
860160,0,0.00473333,0,0
862208,0,0.00543333,0,0
864256,0,0.0306333,0,0
866304,0,0.0082,0,0
868352,0,0.009475,0,0
870400,0,0.00286,0,0
872448,0,0.007375,0,0
874496,0,0.00665,0,0
876544,0,0.016475,0,0
878592,0,0.0092,0,0
880640,0,0.0221333,0,0
882688,0,0.0038,0,0
884736,0,0.039775,0,0
886784,0,0.0123,0,0
888832,0,0.0502,0,0
890880,0,0.0138667,0,0
892928,0,0.0057,0,0
894976,0,0.01548,0,0
897024,0,0.0306667,0,0
899072,0,0.03425,0,0
901120,0,0.0037,0,0
903168,0,0.0055,0,0
905216,0,0.00995,0,0
907264,0,0.0268667,0,0
909312,0,0.0128,0,0
911360,0,0.004,0,0
913408,0,0.0048,0,0
915456,0,0.004,0,0
917504,0,0.0017,0,0
919552,0,0.0032,0,0
921600,0,0.0217,0,0
923648,0,0.0105,0,0
925696,0,0.03545,0,0
927744,0,0.010675,0,0
929792,0,0.0048,0,0
931840,0,0.03575,0,0
933888,0,0.0111833,0,0
935936,0,0.0302667,0,0
937984,0,0.0094,0,0
940032,0,0.00953333,0,0
942080,0,0.0044,0,0
944128,0,0.002325,0,0
946176,0,0.00805,0,0
948224,0,0.0142,0,0
950272,0,0.0222,0,0
952320,0,0.00795,0,0
954368,0,0.00765,0,0
956416,0,0.008225,0,0
958464,0,0.003825,0,0
960512,0,0.01455,0,0
962560,0,0.0046,0,0
964608,0,0.013,0,0
966656,0,0.00575,0,0
968704,0,,,
970752,0,,,
972800,0,0.0006,0,0
974848,0,0.0041,0,0
976896,0,0.0033,0,0
978944,0,0.0023,0,0
980992,0,0.0055,0,0
983040,0,0.0055,0,0
985088,0,0.00405,0,0
987136,0,,,
989184,0,0.004,0,0
991232,0,0.0166,0,0
993280,0,0.0013,0,0
995328,0,0.003475,0,0
997376,0,0.0046,0,0
999424,0,,,
1001472,0,0.0048,0,0
1003520,0,0.0063,0,0
1005568,0,0.0037,0,0
1007616,0,0.0123,0,0
1009664,0,0.0073,0,0
1011712,0,0.030225,0,0
1013760,0,0.0106333,0,0
1015808,0,0.00823333,0,0
1017856,0,0.00365,0,0
1019904,0,0.0031,0,0
1021952,0,0.0285,0,0
1024000,0,0.0064,0,0
1026048,0,0.0046,0,0
1028096,0,0.004325,0,0
1030144,0,0.013,0,0
1032192,0,0.00366667,0,0
1034240,0,0.0991,0,0
1036288,0,0.011225,0,0
1038336,0,0.00935,0,0
1040384,0,0.0184333,0,0
1042432,0,0.00278,0,0
1044480,0,0.00736667,0,0
1046528,0,0.0046,0,0
1048576,0,0.0089,0,0
1050624,0,0.0022,0,0
1052672,0,0.00356667,0,0
1054720,0,0.017275,0,0
1056768,0,0.0089,0,0
1058816,0,,,
1060864,0,0.00446667,0,0
1062912,0,,,
1064960,0,0.0094,0,0
1067008,0,0.0042,0,0
1069056,0,0.0002,0,0
1071104,0,0.015,0,0
1073152,0,0.0045,0,0
1075200,0,0.002,0,0
1077248,0,,,
1079296,0,0.027,0,0
1081344,0,0.0928,0,0
1083392,0,0.01235,0,0
1085440,0,,,
1087488,0,0.008525,0,0
1089536,0,0.0214,0,0
1091584,0,0.0051,0,0
1093632,0,0.0044,0,0
1095680,0,0.015825,0,0
1097728,0,0.0103,0,0
1099776,0,0.03535,0,0
1101824,0,0.0356333,0,0
1103872,0,,,
1105920,0,0.0376,0,0
1107968,0,,,
1110016,0,0.00366667,0,0
1112064,0,0.0053,0,0
1114112,0,,,
1116160,0,0.0041,0,0
1118208,0,0.0037,0,0
1120256,0,0.0706,0,0
1122304,0,0.0036,0,0
1124352,0,0.00185,0,0
1126400,0,0.0695667,0,0
1128448,0,0.0995,0,0
1130496,0,0.0037,0,0
1132544,0,0.0408,0,0
1134592,0,0.0082,0,0
1136640,0,0.0084,0,0
1138688,0,0.007025,0,0
1140736,0,0.0046,0,0
1142784,0,0.0037,0,0
1144832,0,0.0244,0,0
1146880,0,0.0171,0,0
1148928,0,0.0046,0,0
1150976,0,0.00773333,0,0
1153024,0,0.01175,0,0
1155072,0,0.01795,0,0
1157120,0,0.0455,0,0
1159168,0,,,
1161216,0,0.0036,0,0
1163264,0,0.00406667,0,0
1165312,0,0.00215,0,0
1167360,0,0.0161,0,0
1169408,0,0.00724,0,0
1171456,0,0.0195833,0,0
1173504,0,0.0041,0,0
1175552,0,0.003925,0,0
1177600,0,0.00843333,0,0
1179648,0,0.0506,0,0
1181696,0,0.0363667,0,0
1183744,0,0.003,0,0
1185792,0,0.0023,0,0
1187840,0,0.00373333,0,0
1189888,0,0.0039,0,0
1191936,0,0.01545,0,0
1193984,0,0.0131,0,0
1196032,0,0.0068,0,0
1198080,0,0.01825,0,0
1200128,0,0.004,0,0
1202176,0,0.002875,0,0
1204224,0,0.0113,0,0
1206272,0,0.0492,0,0
1208320,0,0.00823333,0,0
1210368,0,0.0037,0,0
1212416,0,0.0013,0,0
1214464,0,0.0018,0,0
1216512,0,0.0214,0,0
1218560,0,0.0023,0,0
1220608,0,0.0494,0,0
1222656,0,0.0031,0,0
1224704,0,0.014925,0,0
1226752,0,0.000933333,0,0
1228800,0,0.0954,0,0
1230848,0,0.0022,0,0
1232896,0,0.0016,0,0
1234944,0,0.0016,0,0
1236992,0,0.0023,0,0
1239040,0,0.00186667,0,0
1241088,0,0.0008,0,0
1243136,0,,,
1245184,0,,,
1247232,0,,,
1249280,0,0.0172,0,0
1251328,0,0.0114,0,0
1253376,0,0.0410333,0,0
1255424,0,0.0094,0,0
1257472,0,0.002,0,0
1259520,0,,,
1261568,0,0.01165,0,0
1263616,0,0.00185,0,0
1265664,0,0.00175,0,0
1267712,0,0.00123333,0,0
1269760,0,0.0539,0,0
1271808,0,0.0346667,0,0
1273856,0,0.00225,0,0
1275904,0,0.0008,0,0
1277952,0,0.0032,0,0
1280000,0,0.01085,0,0
1282048,0,0.00215,0,0
1284096,0,,,
1286144,0,0.0995,0,0
1288192,0,0.0196,0,0
1290240,0,0.03075,0,0
1292288,0,0.04115,0,0
1294336,0,0.0013,0,0
1296384,0,0.0025,0,0
1298432,0,0.00203333,0,0
1300480,0,0.0115,0,0
1302528,0,0.00993333,0,0
1304576,0,0.00325,0,0
1306624,0,0.0129,0,0
1308672,0,0.0054,0,0
1310720,0,0.0201,0,0
1312768,0,0.0036,0,0
1314816,0,0.003025,0,0
1316864,0,,,
1318912,0,0.0037,0,0
1320960,0,0.00875,0,0
1323008,0,0.0029,0,0
1325056,0,0.00095,0,0
1327104,0,0.00295,0,0
1329152,0,0.0294333,0,0
1331200,0,0.0143,0,0
1333248,0,0.0031,0,0
1335296,0,0.0345333,0,0
1337344,0,0.0113,0,0
1339392,0,0.0013,0,0
1341440,0,0.0263,0,0
1343488,0,0.0112,0,0
1345536,0,0.0797,0,0
1347584,0,0.0183,0,0
1349632,0,0.0064,0,0
1351680,0,0.0026,0,0
1353728,0,0.00896667,0,0
1355776,0,0.0077,0,0
1357824,0,0.00195,0,0
1359872,0,0.0472,0,0
1361920,0,0.01152,0,0
1363968,0,0.0025,0,0
1366016,0,0.00135,0,0
1368064,0,,,
1370112,0,0.0018,0,0
1372160,0,0.0495,0,0
1374208,0,0.00176667,0,0
1376256,0,0.0391,0,0
1378304,0,0.0331,0,0
1380352,0,0.01205,0,0
1382400,0,0.00805,0,0
1384448,0,0.0537,0,0
1386496,0,0.0019,0,0
1388544,0,0.0046,0,0
1390592,0,0.01105,0,0
1392640,0,0.0201,0,0
1394688,0,0.0045,0,0
1396736,0,0.0211,0,0
1398784,0,0.0086,0,0
1400832,0,0.00443333,0,0
1402880,0,0.03278,0,0
1404928,0,0.00783333,0,0
1406976,0,0.00396667,0,0
1409024,0,0.016,0,0
1411072,0,0.0102,0,0
1413120,0,0.00255,0,0
1415168,0,0.0002,0,0
1417216,0,0.00225,0,0
1419264,0,0,0,0
1421312,0,0.071,0,0
1423360,0,0.05145,0,0
1425408,0,0.051,0,0
1427456,0,0.021,0,0
1429504,0,0.00535,0,0
1431552,0,0.00116667,0,0
1433600,0,0.02562,0,0
1435648,0,0.0135667,0,0
1437696,0,0.0354,0,0
1439744,0,,,
1441792,0,0.0032,0,0
1443840,0,0.00982,0,0
1445888,0,0.00025,0,0
1447936,0,0.0032,0,0
1449984,0,0.0027,0,0
1452032,0,0.0002,0,0
1454080,0,,,
1456128,0,0.0013,0,0
1458176,0,0.0039,0,0
1460224,0,0.0018,0,0
1462272,0,0.05025,0,0
1464320,0,0,0,0
1466368,0,,,
1468416,0,0.0039,0,0
1470464,0,0.0287,0,0
1472512,0,0.0087,0,0
1474560,0,0.0055,0,0
1476608,0,0.003,0,0
1478656,0,0.006,0,0
1480704,0,,,
1482752,0,,,
1484800,0,0.02595,0,0
1486848,0,0.0024,0,0
1488896,0,0.0044,0,0
1490944,0,0.004,0,0
1492992,0,0.05095,0,0
1495040,0,0.0026,0,0
1497088,0,0.00512,0,0
1499136,0,0.03225,0,0
1501184,0,0.0124,0,0
1503232,0,,,
1505280,0,0.00435,0,0
1507328,0,,,
1509376,0,,,
1511424,0,0.0064,0,0
1513472,0,0.0037,0,0
1515520,0,,,
1517568,0,0.0007,0,0
1519616,0,0.0029,0,0
1521664,0,0.0098,0,0
1523712,0,0.0022,0,0
1525760,0,0.00305,0,0
1527808,0,0.05675,0,0
1529856,0,0.00956667,0,0
1531904,0,0.04368,0,0
1533952,0,0.00585,0,0
1536000,0,0.0015,0,0
1538048,0,0.0029,0,0
1540096,0,0.0343,0,0
1542144,0,0.003,0,0
1544192,0,0.0096,0,0
1546240,0,0.00323333,0,0
1548288,0,0.0053,0,0
1550336,0,0.00518,0,0
1552384,0,0.007525,0,0
1554432,0,0.00666667,0,0
1556480,0,0.004275,0,0
1558528,0,0.003,0,0
1560576,0,0.02345,0,0
1562624,0,0.00175,0,0
1564672,0,0.0026,0,0
1566720,0,,,
1568768,0,0.0339,0,0
1570816,0,0.00746667,0,0
1572864,0,0.0599,0,0
1574912,0,0.0065,0,0
1576960,0,,,
1579008,0,0.00445,0,0
1581056,0,0.0023,0,0
1583104,0,0.0014,0,0
1585152,0,0.00416667,0,0
1587200,0,0.00323333,0,0
1589248,0,0.0977,0,0
1591296,0,0.01285,0,0
1593344,0,0.0127,0,0
1595392,0,0.018075,0,0
1597440,0,0.0061,0,0
1599488,0,0.003025,0,0
1601536,0,0.0152667,0,0
1603584,0,0.0220333,0,0
1605632,0,0.0325,0,0
1607680,0,0.01045,0,0
1609728,0,0.006475,0,0
1611776,0,0.0331667,0,0
1613824,0,0.0201,0,0
1615872,0,0.01112,0,0
1617920,0,0.01545,0,0
1619968,0,0.00934286,0,0
1622016,0,0.0121,0,0
1624064,0,0.0189667,0,0
1626112,0,0.0322333,0,0
1628160,0,0.0141333,0,0
1630208,0,0.0378833,0,0
1632256,0,0.00603333,0,0
1634304,0,0.0461,0,0
1636352,0,0.010425,0,0
1638400,0,0.01865,0,0
1640448,0,0.03515,0,0
1642496,0,0.05665,0,0
1644544,0,0.0390667,0,0
1646592,0,0.0137,0,0
1648640,0,0.00195,0,0
1650688,0,0.0084,0,0
1652736,0,0.01,0,0
1654784,0,0.00615,0,0
1656832,0,0.0093,0,0
1658880,0,0.01365,0,0
1660928,0,0.00445,0,0
1662976,0,0.05595,0,0
1665024,0,0.00438571,0,0
1667072,0,0.00736667,0,0
1669120,0,0.04995,0,0
1671168,0,0.00253333,0,0
1673216,0,0.0102667,0,0
1675264,0,0.0043,0,0
1677312,0,0.01385,0,0
1679360,0,0.0334333,0,0
1681408,0,0.06005,0,0
1683456,0,0.07066,0,0
1685504,0,0.03494,0,0
1687552,0,0.0025,0,0
1689600,0,0.043425,0,0
1691648,0,0.0410333,0,0
1693696,0,0.0059,0,0
1695744,0,0.0354667,0,0
1697792,0,0.0512,0,0
1699840,0,0.00165,0,0
1701888,0,0.0008,0,0
1703936,0,,,
1705984,0,0.1809,0,0
1708032,0,0.01095,0,0
1710080,0,,,
1712128,0,0.0624,0,0
1714176,0,0.0186,0,0
1716224,0,0.0179,0,0
1718272,0,0.00533333,0,0
1720320,0,0.00113333,0,0
1722368,0,0.0343667,0,0
1724416,0,0.02425,0,0
1726464,0,0.0089,0,0
1728512,0,0.0505,0,0
1730560,0,0.00306667,0,0
1732608,0,0.01218,0,0
1734656,0,0.01655,0,0
1736704,0,0.0377,0,0
1738752,0,0.06035,0,0
1740800,0,0.0288,0,0
1742848,0,0.00195,0,0
1744896,0,0.0238,0,0
1746944,0,0.0451333,0,0
1748992,0,0.0436,0,0
1751040,0,0.00306667,0,0
1753088,0,0.0048,0,0
1755136,0,0.01105,0,0
1757184,0,0,0,0
1759232,0,0.0419,0,0
1761280,0,0.0018,0,0
1763328,0,0.07185,0,0
1765376,0,0.0512,0,0
1767424,0,0.0218333,0,0
1769472,0,0.015025,0,0
1771520,0,0.022525,0,0
1773568,0,0.0188,0,0
1775616,0,0.0577,0,0
1777664,0,0.0299571,0,0
1779712,0,0.03265,0,0
1781760,0,0.072925,0,0
1783808,0,0.01195,0,0
1785856,0,0.083,0,0
1787904,0,0.087425,0,0
1789952,0,0.00366667,0,0
1792000,0,0.023275,0,0
1794048,0,0.0114667,0,0
1796096,0,0.01644,0,0
1798144,0,0.0245857,0,0
1800192,0,0.0657333,0,0
1802240,0,0.0804,0,0
1804288,0,0.019575,0,0
1806336,0,0.0316,0,0
1808384,0,0.0143,0,0
1810432,0,0.02148,0,0
1812480,0,0.01115,0,0
1814528,0,0.0104,0,0
1816576,0,0,0,0
1818624,0,0.0325,0,0
1820672,0,0,0,0
1822720,0,,,
1824768,0,0.0351,0,0
1826816,0,0.0038,0,0
1828864,0,0.0016,0,0
1830912,0,,,
1832960,0,0.006325,0,0
1835008,0,0.0363333,0,0
1837056,0,0.0658,0,0
1839104,0,0.0001,0,0
1841152,0,0.01025,0,0
1843200,0,0.0095,0,0
1845248,0,0.000633333,0,0
1847296,0,0.0039,0,0
1849344,0,0.01175,0,0
1851392,0,0.0021,0,0
1853440,0,0.0018,0,0
1855488,0,0.047125,0,0
1857536,0,0.0615,0,0
1859584,0,0.049,0,0
1861632,0,,,
1863680,0,0.011525,0,0
1865728,0,0.00623333,0,0
1867776,0,0.0029,0,0
1869824,0,0.0485667,0,0
1871872,0,0.03015,0,0
1873920,0,0.00625,0,0
1875968,0,0.0064,0,0
1878016,0,0.0179,0,0
1880064,0,0.002425,0,0
1882112,0,0.0148,0,0
1884160,0,0.0022,0,0
1886208,0,0.0575,0,0
1888256,0,0.0016,0,0
1890304,0,0.00405,0,0
1892352,0,0.0016,0,0
1894400,0,0.00065,0,0
1896448,0,0.0014,0,0
1898496,0,0.0025,0,0
1900544,0,0.0009,0,0
1902592,0,,,
1904640,0,0.004,0,0
1906688,0,0.00245,0,0
1908736,0,0.010125,0,0
1910784,0,0.0009,0,0
1912832,0,0.0162,0,0
1914880,0,0.07145,0,0
1916928,0,0.0342,0,0
1918976,0,0.0235667,0,0
1921024,0,0.00696667,0,0
1923072,0,0.00395,0,0
1925120,0,0.0360667,0,0
1927168,0,0.0021,0,0
1929216,0,0.0547,0,0
1931264,0,0.08515,0,0
1933312,0,,,
1935360,0,0.15125,0,0
1937408,0,0.053775,0,0
1939456,0,,,
1941504,0,0.00195,0,0
1943552,0,0.034,0,0
1945600,0,0.030075,0,0
1947648,0,0.0068,0,0
1949696,0,0.0337,0,0
1951744,0,0.0338333,0,0
1953792,0,0.036375,0,0
1955840,0,0.0573,0,0
1957888,0,0.0021,0,0
1959936,0,,,
1961984,0,0.00883333,0,0
1964032,0,0,0,0
1966080,0,0.00375,0,0
1968128,0,0.0202333,0,0
1970176,0,0.0592,0,0
1972224,0,0.1879,0,0
1974272,0,0.00786667,0,0
1976320,0,0.0338333,0,0
1978368,0,0.097,0,0
1980416,0,0.003,0,0
1982464,0,0.0025,0,0
1984512,0,0.0037,0,0
1986560,0,,,
1988608,0,0.0988,0,0
1990656,0,0.0988,0,0
1992704,0,0.001,0,0
1994752,0,0.025075,0,0
1996800,0,0.0021,0,0
1998848,0,0.00283333,0,0
2000896,0,0.00535,0,0
2002944,0,0.0498,0,0
2004992,0,0.0444,0,0
2007040,0,0.0913333,0,0
2009088,0,0.0517,0,0
2011136,0,0.0385,0,0
2013184,0,0.00793333,0,0
2015232,0,0.04285,0,0
2017280,0,0.0041,0,0
2019328,0,0.00355,0,0
2021376,0,0.03665,0,0
2023424,0,0.0176667,0,0
2025472,0,0.0017,0,0
2027520,0,0,0,0
2029568,0,0.0889667,0,0.333333
2031616,0,0.07,0,0
2033664,0,0.004,0,0
2035712,0,0.0361,0,0
2037760,0,0.0032,0,0
2039808,0,0.00405,0,0
2041856,0,,,
2043904,0,0.00285,0,0
2045952,0,,,
2048000,0,0.0035,0,0
2050048,0,0.0019,0,0
2052096,0,0.01415,0,0
2054144,0,0.0018,0,0
2056192,0,0.0008,0,0
2058240,0,0.004,0,0
2060288,0,,,
2062336,0,0.0015,0,0
2064384,0,0.0087,0,0
2066432,0,0.0022,0,0
2068480,0,0.0023,0,0
2070528,0,,,
2072576,0,0.00985,0,0
2074624,0,0.0007,0,0
2076672,0,,,
2078720,0,0.0021,0,0
2080768,0,0.00175,0,0
2082816,0,0.005,0,0
2084864,0,0.05015,0,0
2086912,0,0.04985,0,0
2088960,0,0.01535,0,0
2091008,0,0.0057,0,0
2093056,0,0.0019,0,0
2095104,0,0.0337,0,0
2097152,0,0.00142,0,0
2099200,0,0.0176333,0,0
2101248,0,0.0232333,0,0
2103296,0,0.041,0,0
2105344,0,0.0012,0,0
2107392,0,0.0191,0,0
2109440,0,0.00255,0,0
2111488,0,,,
2113536,0,0.0024,0,0
2115584,0,0.1914,0,0
2117632,0,0.035025,0,0
2119680,0,0.003,0,0
2121728,0,0.064925,0,0
2123776,0,0.0073,0,0
2125824,0,0.0157,0,0
2127872,0,0.00135,0,0
2129920,0,0.0493,0,0
2131968,0,0.05015,0,0
2134016,0,0.0825333,0,0.333333
2136064,0,0.057125,0,0
2138112,0,0.0055,0,0
2140160,0,0.00516667,0,0
2142208,0,0.0407,0,0
2144256,0,0.0336,0,0
2146304,0,,,
2148352,0,0.0352667,0,0
2150400,0,0.0464,0,0
2152448,0,0.0066,0,0
2154496,0,,,
2156544,0,0.0025,0,0
2158592,0,0.0296,0,0
2160640,0,0.02685,0,0
2162688,0,0.00146667,0,0
2164736,0,0.04068,0,0
2166784,0,0.0836,0,0
2168832,0,0.0106333,0,0
2170880,0,0.003275,0,0
2172928,0,0.0042,0,0
2174976,0,0.0024,0,0
2177024,0,0.00315,0,0
2179072,0,0.0032,0,0
2181120,0,0.00813333,0,0
2183168,0,0.00265,0,0
2185216,0,0.00465,0,0
2187264,0,0.0024,0,0
2189312,0,0.0348333,0,0
2191360,0,0.0046,0,0
2193408,0,0.00883333,0,0
2195456,0,0.0129,0,0
2197504,0,0.0811,0,0
2199552,0,0.014,0,0
2201600,0,0.0235,0,0
2203648,0,0.0533333,0,0
2205696,0,0.0197333,0,0
2207744,0,0.00336667,0,0
2209792,0,0.05502,0,0
2211840,0,0.03372,0,0
2213888,0,0.0558,0,0
2215936,0,0.0358667,0,0
2217984,0,0.0668,0,0
2220032,0,0.03932,0,0
2222080,0,0.034875,0,0
2224128,0,0.0567667,0,0
2226176,0,0.039375,0,0
2228224,0,0.0657333,0,0
2230272,0,0.0129,0,0
2232320,0,0.05656,0,0
2234368,0,0.0282333,0,0
2236416,0,0.0051,0,0
2238464,0,0.2098,0,0
2240512,0,0.05315,0,0
2242560,0,0.0988,0,0
2244608,0,0.0015,0,0
2246656,0,0,0,0
2248704,0,0.196,0,0
2250752,0,0.0369,0,0
2252800,0,,,
2254848,0,0.0988,0,0
2256896,0,,,
2258944,0,0.01315,0,0
2260992,0,0.00733333,0,0
2263040,0,0.0215,0,0
2265088,0,0.033125,0,0
2267136,0,0.030425,0,0
2269184,0,0.06826,0,0
2271232,0,0.0296667,0,0
2273280,0,0.0099,0,0
2275328,0,0.0504,0,0
2277376,0,0.0582,0,0
2279424,0,0.0688333,0,0
2281472,0,0.00705,0,0
2283520,0,0.0115,0,0
2285568,0,0.011975,0,0
2287616,0,0.0179,0,0
2289664,0,0.0467,0,0
2291712,0,0.0523,0,0
2293760,0,0.0173,0,0
2295808,0,0.0713,0,0
2297856,0,0.1001,0,0
2299904,0,0.0988,0,0
2301952,0,0.0497,0,0
2304000,0,0.0493,0,0
2306048,0,0.0008,0,0
2308096,0,0.0015,0,0
2310144,0,0.00125,0,0
2312192,0,,,
2314240,0,0.0741,0,0
2316288,0,,,
2318336,0,0.0794,0,0
2320384,0,0.03475,0,0
2322432,0,0.04045,0,0
2324480,0,0.06385,0,0
2326528,0,0.1156,0,0
2328576,0,0.00168,0,0
2330624,0,0.058125,0,0
2332672,0,0.01615,0,0
2334720,0,0.00145,0,0
2336768,0,0.01935,0,0
2338816,0,0.081,0,0
2340864,0,,,
2342912,0,,,
2344960,0,0.0552,0,0
2347008,0,0.0011,0,0
2349056,0,0.0023,0,0
2351104,0,0.01825,0,0
2353152,0,0.0995,0,0
2355200,0,0.0457,0,0
2357248,0,0.0761667,0,0
2359296,0,0.00885,0,0
2361344,0,0.0274,0,0
2363392,0,0.01404,0,0
2365440,0,0.00235,0,0
2367488,0,0.0162667,0,0
2369536,0,0.00136667,0,0
2371584,0,0.02286,0,0
2373632,0,0.0217333,0,0
2375680,0,0.00785,0,0
2377728,0,0.04435,0,0
2379776,0,0.0107,0,0
2381824,0,0.0366,0,0
2383872,0,0.0609333,0,0
2385920,0,0.02964,0,0
2387968,0,0.06492,0,0
2390016,0,0.0146,0,0
2392064,0,0.03885,0,0
2394112,0,0.03672,0,0
2396160,0,0.02686,0,0
2398208,0,0.09705,0,0
2400256,0,0.0301,0,0
2402304,0,0.079825,0,0
2404352,0,0.00746667,0,0
2406400,0,0.008775,0,0
2408448,0,0.0102667,0,0
2410496,0,0.0012,0,0
2412544,0,0.026275,0,0
2414592,0,0.0119,0,0
2416640,0,0.01595,0,0
2418688,0,0.0409,0,0
2420736,0,0.00494,0,0
2422784,0,0.01192,0,0
2424832,0,0.03214,0,0
2426880,0,0.0256,0,0
2428928,0,0.0348,0,0
2430976,0,0.01565,0,0
2433024,0,0.057225,0,0
2435072,0,0.05145,0,0
2437120,0,0.019975,0,0
2439168,0,0.041025,0,0
2441216,0,0.0261167,0,0
2443264,0,0.0321,0,0
2445312,0,0.0068,0,0
2447360,0,0.01105,0,0
2449408,0,0.0991,0,0
2451456,0,,,
2453504,0,0.0173,0,0
2455552,0,0.0004,0,0
2457600,0,0.002,0,0
2459648,0,,,
2461696,0,0.002,0,0
2463744,0,0.01175,0,0
2465792,0,0.0298,0,0
2467840,0,0.0118,0,0
2469888,0,0.0022,0,0
2471936,0,0.0352,0,0
2473984,0,0.04398,0,0
2476032,0,0.0281,0,0
2478080,0,0.0089,0,0
2480128,0,0.0223,0,0
2482176,0,0.0264333,0,0
2484224,0,0.0542,0,0
2486272,0,0.0152,0,0
2488320,0,0.0025,0,0
2490368,0,0.0225,0,0
2492416,0,0.0937,0,0
2494464,0,0.0163667,0,0
2496512,0,0.01535,0,0
2498560,0,0.0204,0,0
2500608,0,0.02075,0,0
2502656,0,0.0343333,0,0
2504704,0,0.0026,0,0
2506752,0,0.00828,0,0
2508800,0,0.0113,0,0
2510848,0,0.00443333,0,0
2512896,0,0.01845,0,0
2514944,0,0.0085,0,0
2516992,0,0.00276667,0,0
2519040,0,0.042175,0,0
2521088,0,0.0055,0,0
2523136,0,0.0031,0,0
2525184,0,0,0,0
2527232,0,0.0995,0,0
2529280,0,0.0131,0,0
2531328,0,0.0017,0,0
2533376,0,0.002,0,0
2535424,0,0.0011,0,0
2537472,0,0.01085,0,0
2539520,0,0.00663333,0,0
2541568,0,0.0068,0,0
2543616,0,0.0181,0,0
2545664,0,0.0911,0,0
2547712,0,0.00125,0,0
2549760,0,0.00933333,0,0
2551808,0,0.00164,0,0
2553856,0,,,
2555904,0,0.0009,0,0
2557952,0,0.0019,0,0
2560000,0,0.00045,0,0
2562048,0,0.00613333,0,0
2564096,0,,,
2566144,0,0.0029,0,0
2568192,0,0.024775,0,0
2570240,0,0.0031,0,0
2572288,0,0.0023,0,0
2574336,0,,,
2576384,0,0.00575,0,0
2578432,0,0.00773333,0,0
2580480,0,0.00225,0,0
2582528,0,0.0118,0,0
2584576,0,0.0013,0,0
2586624,0,0.01145,0,0
2588672,0,0.01645,0,0
2590720,0,0.0201,0,0
2592768,0,0.0121,0,0
2594816,0,0.021125,0,0
2596864,0,0.00446667,0,0
2598912,0,,,
2600960,0,0.0017,0,0
2603008,0,0.0059,0,0
2605056,0,0.0026,0,0
2607104,0,0.003275,0,0
2609152,0,0.0146,0,0
2611200,0,0.0056,0,0
2613248,0,0.00155,0,0
2615296,0,0.0025,0,0
2617344,0,0.0024,0,0
2619392,0,0.0761,0,0
2621440,0,0.02565,0,0
2623488,0,0.0898,0,0
2625536,0,0.0113,0,0
2627584,0,0.0175,0,0
2629632,0,0.00196667,0,0
2631680,0,0.0018,0,0
2633728,0,0.0112667,0,0
2635776,0,0.006575,0,0
2637824,0,0.0015,0,0
2639872,0,,,
2641920,0,0.00525,0,0
2643968,0,0.0015,0,0
2646016,0,0.0021,0,0
2648064,0,,,
2650112,0,0.0025,0,0
2652160,0,,,
2654208,0,0.002,0,0
2656256,0,0.00205,0,0
2658304,0,,,
2660352,0,,,
2662400,0,0.0016,0,0
2664448,0,0.0172,0,0
2666496,0,0.0015,0,0
2668544,0,,,
2670592,0,0.0023,0,0
2672640,0,0.0018,0,0
2674688,0,0.0159,0,0
2676736,0,0.0034,0,0
2678784,0,,,
2680832,0,0.0094,0,0
2682880,0,0.0017,0,0
2684928,0,,,
2686976,0,0.0032,0,0
2689024,0,0.0032,0,0
2691072,0,,,
2693120,0,0.00995,0,0
2695168,0,0.00185,0,0
2697216,0,0.003975,0,0
2699264,0,,,
2701312,0,,,
2703360,0,0.0123,0,0
2705408,0,0.0032,0,0
2707456,0,0.0032,0,0
2709504,0,0.0025,0,0
2711552,0,,,
2713600,0,0.01255,0,0
2715648,0,0.018,0,0
2717696,0,0.0212,0,0
2719744,0,0.0144,0,0
2721792,0,0.00563333,0,0
2723840,0,0.0579,0,0
2725888,0,0.0024,0,0
2727936,0,,,
2729984,0,0.00872,0,0
2732032,0,0.008,0,0
2734080,0,0.0465,0,0
2736128,0,,,
2738176,0,0.0046,0,0
2740224,0,,,
2742272,0,,,
2744320,0,0.00244,0,0
2746368,0,0.007275,0,0
2748416,0,0.0083,0,0
2750464,0,0.00315,0,0
2752512,0,0.0021,0,0
2754560,0,0.00355,0,0
2756608,0,0.0037,0,0
2758656,0,,,
2760704,0,0.0127,0,0
2762752,0,,,
2764800,0,0.0034,0,0
2766848,0,,,
2768896,0,,,
2770944,0,0.0034,0,0
2772992,0,0.00255,0,0
2775040,0,0.0037,0,0
2777088,0,0.00386667,0,0
2779136,0,0.0042,0,0
2781184,0,0.1587,0,0
2783232,0,0.0053,0,0
2785280,0,0.0122,0,0
2787328,0,0.0047,0,0
2789376,0,0.0141,0,0
2791424,0,0.003825,0,0
2793472,0,0.1005,0,0
2795520,0,0.0033,0,0
2797568,0,0.0224,0,0
2799616,0,0.097,0,0
2801664,0,,,
2803712,0,0.00315,0,0
2805760,0,0.00385,0,0
2807808,0,0.00365,0,0
2809856,0,0.0028,0,0
2811904,0,0.0391,0,0
2813952,0,0.0036,0,0
2816000,0,0.00656667,0,0
2818048,0,0.01285,0,0
2820096,0,0.0036,0,0
2822144,0,0.0037,0,0
2824192,0,0.0036,0,0
2826240,0,,,
2828288,0,,,
2830336,0,0.0037,0,0
2832384,0,0.0031,0,0
2834432,0,,,
2836480,0,0.00413333,0,0
2838528,0,0.00435,0,0
2840576,0,0.05065,0,0
2842624,0,0.02495,0,0
2844672,0,0.0105,0,0
2846720,0,0.004425,0,0
2848768,0,0.00855,0,0
2850816,0,,,
2852864,0,,,
2854912,0,0.00725,0,0
2856960,0,0.0037,0,0
2859008,0,0.00445,0,0
2861056,0,0.00336667,0,0
2863104,0,0.00335,0,0
2865152,0,0.0269333,0,0
2867200,0,0.00575,0,0
2869248,0,,,
2871296,0,0.0147,0,0
2873344,0,0.0042,0,0
2875392,0,0.0042,0,0
2877440,0,0.0048,0,0
2879488,0,0.0028,0,0
2881536,0,0.00225,0,0
2883584,0,0.00945,0,0
2885632,0,0.00245,0,0
2887680,0,,,
2889728,0,0.0508,0,0
2891776,0,0.004425,0,0
2893824,0,0.0033,0,0
2895872,0,0.00363333,0,0
2897920,0,0.02955,0,0
2899968,0,0.0034,0,0
2902016,0,0.0037,0,0
2904064,0,0.0043,0,0
2906112,0,,,
2908160,0,0.0037,0,0
2910208,0,0.0032,0,0
2912256,0,,,
2914304,0,0.0028,0,0
2916352,0,0.0032,0,0
2918400,0,0.0005,0,0
2920448,0,0.0026,0,0
2922496,0,0.00315,0,0
2924544,0,0.0019,0,0
2926592,0,0.0003,0,0
2928640,0,0.0016,0,0
2930688,0,0.002775,0,0
2932736,0,0.0031,0,0
2934784,0,0.00306667,0,0
2936832,0,0.00298333,0,0
2938880,0,0.0029,0,0
2940928,0,0.0005,0,0
2942976,0,0.0032,0,0
2945024,0,0.0029,0,0
2947072,0,0.0002,0,0
2949120,0,0.0021,0,0
2951168,0,0.0029,0,0
2953216,0,0.0081,0,0
2955264,0,0.00485,0,0
2957312,0,0.00235,0,0
2959360,0,0.0016,0,0
2961408,0,0.00856667,0,0
2963456,0,0,0,0
2965504,0,0.001475,0,0
2967552,0,0.00203333,0,0
2969600,0,0.0014,0,0
2971648,0,0.00165,0,0
2973696,0,0.00245,0,0
2975744,0,0.0031,0,0
2977792,0,0,0,0
2979840,0,0.00163333,0,0
2981888,0,0.0008,0,0
2983936,0,0.00603333,0,0
2985984,0,0.00736667,0,0
2988032,0,0.0069,0,0
2990080,0,0.0012,0,0
2992128,0,0.00146667,0,0
2994176,0,0.0193,0,0
2996224,0,,,
2998272,0,0.00245,0,0
3000320,0,0.00773333,0,0
3002368,0,0.00243333,0,0
3004416,0,0.003,0,0
3006464,0,0.00305,0,0
3008512,0,,,
3010560,0,,,
3012608,0,0.009,0,0
3014656,0,0.0072,0,0
3016704,0,0.00156667,0,0
3018752,0,0.0005,0,0
3020800,0,0.00172,0,0
3022848,0,0.0047,0,0
3024896,0,0.0032,0,0
3026944,0,0.0173833,0,0
3028992,0,0.00716667,0,0
3031040,0,0.0019,0,0
3033088,0,0.00233333,0,0
3035136,0,0.00805,0,0
3037184,0,0.0032,0,0
3039232,0,,,
3041280,0,,,
3043328,0,0.0028,0,0
3045376,0,0.0028,0,0
3047424,0,0.00236667,0,0
3049472,0,0.0011,0,0
3051520,0,0.0008,0,0
3053568,0,0.00325,0,0
3055616,0,0.0021,0,0
3057664,0,0.00264,0,0
3059712,0,0.003,0,0
3061760,0,0.0007,0,0
3063808,0,0.00225,0,0
3065856,0,0.0026,0,0
3067904,0,,,
3069952,0,0.0041,0,0
3072000,0,0.0026,0,0
3074048,0,0.0036,0,0
3076096,0,,,
3078144,0,0.0025,0,0
3080192,0,0.0017,0,0
3082240,0,0.0027,0,0
3084288,0,0.00215,0,0
3086336,0,0.0226,0,0
3088384,0,0.01935,0,0
3090432,0,0.003,0,0
3092480,0,,,
3094528,0,0.0004,0,0
3096576,0,,,
3098624,0,0.0041,0,0
3100672,0,0.0032,0,0
3102720,0,,,
3104768,0,0.00243333,0,0
3106816,0,0.00196667,0,0
3108864,0,0.0028,0,0
3110912,0,0.0604,0,0
3112960,0,0.00623333,0,0
3115008,0,,,
3117056,0,,,
3119104,0,0.0013,0,0
3121152,0,0,0,0
3123200,0,0.00415,0,0
3125248,0,0.0027,0,0
3127296,0,0.02365,0,0
3129344,0,0.0013,0,0
3131392,0,0.00115,0,0
3133440,0,0.0036,0,0
3135488,0,0.0011,0,0
3137536,0,0,0,0
3139584,0,0.0077,0,0
3141632,0,,,
3143680,0,0.002,0,0
3145728,0,0.001,0,0
3147776,0,,,
3149824,0,0.0017,0,0
3151872,0,0,0,0
3153920,0,,,
3155968,0,0.0007,0,0
3158016,0,0.00256667,0,0
3160064,0,0.0095,0,0
3162112,0,0.00115,0,0
3164160,0,0.0008,0,0
3166208,0,0.02015,0,0
3168256,0,0,0,0
3170304,0,,,
3172352,0,0,0,0
3174400,0,,,
3176448,0,0.0002,0,0
3178496,0,,,
3180544,0,0.0022,0,0
3182592,0,0,0,0
3184640,0,,,
3186688,0,0.000466667,0,0
3188736,0,0.01015,0,0
3190784,0,6.66667e-05,0,0
3192832,0,0.00075,0,0
3194880,0,0.00066,0,0
3196928,0,0.00156667,0,0
3198976,0,0.01025,0,0
3201024,0,0.0025,0,0
3203072,0,0.0022,0,0
3205120,0,0.0008,0,0
3207168,0,0.0002,0,0
3209216,0,0,0,0
3211264,0,0.0021,0,0
3213312,0,,,
3215360,0,,,
3217408,0,,,
3219456,0,0.0011,0,0
3221504,0,0.00115,0,0
3223552,0,0.00075,0,0
3225600,0,0,0,0
3227648,0,0.00055,0,0
3229696,0,0.0144,0,0
3231744,0,0.00246667,0,0
3233792,0,,,
3235840,0,0.0024,0,0
3237888,0,0.00385,0,0
3239936,0,0.0192,0,0
3241984,0,0.00926667,0,0
3244032,0,0.0201,0,0
3246080,0,0.0067,0,0
3248128,0,0.0054,0,0
3250176,0,,,
3252224,0,0.0025,0,0
3254272,0,,,
3256320,0,0.006275,0,0
3258368,0,0.005,0,0
3260416,0,0.00435,0,0
3262464,0,0.0032,0,0
3264512,0,,,
3266560,0,0.0032,0,0
3268608,0,0.0185,0,0
3270656,0,0.0046,0,0
3272704,0,0.0055,0,0
3274752,0,0.0103,0,0
3276800,0,,,
3278848,0,0.0046,0,0
3280896,0,0.0035,0,0
3282944,0,,,
3284992,0,0.0048,0,0
3287040,0,0.011375,0,0
3289088,0,0.0036,0,0
3291136,0,0.0045,0,0
3293184,0,0.0041,0,0
3295232,0,0.0048,0,0
3297280,0,0.0042,0,0
3299328,0,0.0055,0,0
3301376,0,0.0034,0,0
3303424,0,,,
3305472,0,0.0048,0,0
3307520,0,,,
3309568,0,0.0214,0,0
3311616,0,0.0024,0,0
3313664,0,,,
3315712,0,,,
3317760,0,0.0032,0,0
3319808,0,0.0032,0,0
3321856,0,0.00276667,0,0
3323904,0,0.00155,0,0
3325952,0,0.004,0,0
3328000,0,0.00185,0,0
3330048,0,0.0035,0,0
3332096,0,0.0035,0,0
3334144,0,0.00315,0,0
3336192,0,0.0042,0,0
3338240,0,0,0,0
3340288,0,,,
3342336,0,,,
3344384,0,,,
3346432,0,0,0,0
3348480,0,0.00433333,0,0
3350528,0,0.00655,0,0
3352576,0,0.003,0,0
3354624,0,,,
3356672,0,0.0025,0,0
3358720,0,0.0032,0,0
3360768,0,0.0025,0,0
3362816,0,0.0029,0,0
3364864,0,0.0018,0,0
3366912,0,0.00263333,0,0
3368960,0,,,
3371008,0,0.00245,0,0
3373056,0,0.0031,0,0
3375104,0,,,
3377152,0,,,
3379200,0,0.0006,0,0
3381248,0,,,
3383296,0,0.0046,0,0
3385344,0,,,
3387392,0,0.00315,0,0
3389440,0,0.0029,0,0
3391488,0,0.00275,0,0
3393536,0,0.00945,0,0
3395584,0,0.003,0,0
3397632,0,0.00663333,0,0
3399680,0,0.052,0,0
3401728,0,0.0106333,0,0
3403776,0,0.01045,0,0
3405824,0,0.0236,0,0
3407872,0,0.00245,0,0
3409920,0,0.00843333,0,0
3411968,0,0.0039,0,0
3414016,0,0.002475,0,0
3416064,0,0.0221,0,0
3418112,0,0.001,0,0
3420160,0,,,
3422208,0,0.001,0,0
3424256,0,0.0028,0,0
3426304,0,0.0025,0,0
3428352,0,0.0513,0,0
3430400,0,0.0046,0,0
3432448,0,0.0017,0,0
3434496,0,0.0129,0,0
3436544,0,0.0026,0,0
3438592,0,0.00305,0,0
3440640,0,0.0057,0,0
3442688,0,0.0024,0,0
3444736,0,0.0121,0,0
3446784,0,0.0037,0,0
3448832,0,0.0031,0,0
3450880,0,0.0112,0,0
3452928,0,0.0036,0,0
3454976,0,0.0016,0,0
3457024,0,0.0031,0,0
3459072,0,0.0005,0,0
3461120,0,,,
3463168,0,0.0046,0,0
3465216,0,,,
3467264,0,0.0026,0,0
3469312,0,0.0045,0,0
3471360,0,0.00263333,0,0
3473408,0,0.00395,0,0
3475456,0,,,
3477504,0,0.0064,0,0
3479552,0,0.05125,0,0
3481600,0,,,
3483648,0,0.0055,0,0
3485696,0,,,
3487744,0,0.0279,0,0
3489792,0,0.0039,0,0
3491840,0,0.0045,0,0
3493888,0,,,
3495936,0,0.0039,0,0
3497984,0,0.0056,0,0
3500032,0,0.0031,0,0
3502080,0,0.0042,0,0
3504128,0,0.004375,0,0
3506176,0,0.0386,0,0
3508224,0,,,
3510272,0,0.0049,0,0
3512320,0,0.00365,0,0
3514368,0,0.0034,0,0
3516416,0,,,
3518464,0,,,
3520512,0,,,
3522560,0,0.0049,0,0
3524608,0,0.0024,0,0
3526656,0,0.004,0,0
3528704,0,0.00343333,0,0
3530752,0,,,
3532800,0,,,
3534848,0,,,
3536896,0,0.0037,0,0
3538944,0,0.0055,0,0
3540992,0,0.0026,0,0
3543040,0,,,
3545088,0,,,
3547136,0,0.0037,0,0
3549184,0,0.002,0,0
3551232,0,,,
3553280,0,0.015,0,0
3555328,0,0.0032,0,0
3557376,0,0.0032,0,0
3559424,0,0.0055,0,0
3561472,0,0.004,0,0
3563520,0,0.00392,0,0
3565568,0,0.00364,0,0
3567616,0,0.0039,0,0
3569664,0,0.028,0,0
3571712,0,0.047,0,0
3573760,0,0.00315,0,0
3575808,0,,,
3577856,0,0.00425,0,0
3579904,0,0.004,0,0
3581952,0,0.0046,0,0
3584000,0,0.0046,0,0
3586048,0,0.004,0,0
3588096,0,0.00395,0,0
3590144,0,0.00486667,0,0
3592192,0,0.0045,0,0
3594240,0,0.015125,0,0
3596288,0,0.00486667,0,0
3598336,0,,,
3600384,0,0.0049,0,0
3602432,0,0.00423333,0,0
3604480,0,0.0027,0,0
3606528,0,0.01565,0,0
3608576,0,,,
3610624,0,0.0042,0,0
3612672,0,0.0039,0,0
3614720,0,0.0106,0,0
3616768,0,,,
3618816,0,0.02305,0,0
3620864,0,0.0039,0,0
3622912,0,0.0042,0,0
3624960,0,0.0122,0,0
3627008,0,0.0037,0,0
3629056,0,0.0046,0,0
3631104,0,0.00702,0,0
3633152,0,0.01105,0,0
3635200,0,0.0039,0,0
3637248,0,0.004,0,0
3639296,0,0.0005,0,0
3641344,0,0.00235,0,0
3643392,0,0.00305,0,0
3645440,0,0.00766667,0,0
3647488,0,0.0016,0,0
3649536,0,0.0039,0,0
3651584,0,,,
3653632,0,0.00713333,0,0
3655680,0,0.00306667,0,0
3657728,0,0.0022,0,0
3659776,0,0.0023,0,0
3661824,0,0.0032,0,0
3663872,0,0.004,0,0
3665920,0,,,
3667968,0,0.0028,0,0
3670016,0,0.0024,0,0
3672064,0,0.00276667,0,0
3674112,0,0.0095,0,0
3676160,0,0.0046,0,0
3678208,0,,,
3680256,0,0.0024,0,0
3682304,0,0.0026,0,0
3684352,0,0.0016,0,0
3686400,0,0.0032,0,0
3688448,0,0.00395,0,0
3690496,0,0.0093,0,0
3692544,0,0.00896667,0,0
3694592,0,0.004,0,0
3696640,0,0.00246,0,0
3698688,0,0.002725,0,0
3700736,0,0.0028,0,0
3702784,0,0.0034,0,0
3704832,0,0.0013,0,0
3706880,0,,,
3708928,0,0.00312,0,0
3710976,0,0.0023,0,0
3713024,0,0.0088,0,0
3715072,0,0.009,0,0
3717120,0,,,
3719168,0,0,0,0
3721216,0,0.0988,0,0
3723264,0,0.004625,0,0
3725312,0,0.0087,0,0
3727360,0,0.0284333,0,0
3729408,0,0.0015,0,0
3731456,0,0.00175,0,0
3733504,0,0.01225,0,0
3735552,0,0.0032,0,0
3737600,0,0.0222667,0,0
3739648,0,0.0068,0,0
3741696,0,0.00666667,0,0
3743744,0,0.0003,0,0
3745792,0,0.0032,0,0
3747840,0,0.0019,0,0
3749888,0,0.0108,0,0
3751936,0,0.0025,0,0
3753984,0,0.0343667,0,0
3756032,0,0.0017,0,0
3758080,0,0.00596667,0,0
3760128,0,0.00368,0,0
3762176,0,0.0021,0,0
3764224,0,0.00858,0,0
3766272,0,0.01546,0,0
3768320,0,0.00256667,0,0
3770368,0,0.0117333,0,0
3772416,0,0.0006,0,0
3774464,0,0.00206667,0,0
3776512,0,0.0082,0,0
3778560,0,0.0027,0,0
3780608,0,0.01585,0,0
3782656,0,0.0032,0,0
3784704,0,0.02865,0,0
3786752,0,0.001225,0,0
3788800,0,0.0008,0,0
3790848,0,0.0117,0,0
3792896,0,0.0051,0,0
3794944,0,0.0044,0,0
3796992,0,0.002,0,0
3799040,0,0.0002,0,0
3801088,0,0.0015,0,0
3803136,0,0.017,0,0
3805184,0,0.0002,0,0
3807232,0,0.00085,0,0
3809280,0,0.00305,0,0
3811328,0,0.0002,0,0
3813376,0,0,0,0
3815424,0,0.00246667,0,0
3817472,0,,,
3819520,0,,,
3821568,0,0.003,0,0
3823616,0,0,0,0
3825664,0,0.00145,0,0
3827712,0,0.000333333,0,0
3829760,0,0.00564,0,0
3831808,0,0.00283333,0,0
3833856,0,0.00176667,0,0
3835904,0,0.00476,0,0
3837952,0,0.0028,0,0
3840000,0,0.00935,0,0
3842048,0,0.0021,0,0
3844096,0,0.0024,0,0
3846144,0,0.00153333,0,0
3848192,0,0.0236,0,0
3850240,0,0.0042,0,0
3852288,0,0.0011,0,0
3854336,0,0.0046,0,0
3856384,0,0.0193,0,0
3858432,0,,,
3860480,0,,,
3862528,0,0.00233333,0,0
3864576,0,0.0018,0,0
3866624,0,0.0017,0,0
3868672,0,0.0006,0,0
3870720,0,0.0071,0,0
3872768,0,,,
3874816,0,0.0066,0,0
3876864,0,0.0024,0,0
3878912,0,0.0023,0,0
3880960,0,0.0231,0,0
3883008,0,0.00183333,0,0
3885056,0,,,
3887104,0,,,
3889152,0,0.04885,0,0
3891200,0,,,
3893248,0,0.00143333,0,0
3895296,0,0.004275,0,0
3897344,0,0.0032,0,0
3899392,0,,,
3901440,0,0.0033,0,0
3903488,0,0.01205,0,0
3905536,0,0.00223333,0,0
3907584,0,0.0003,0,0
3909632,0,0.00735,0,0
3911680,0,0.00355,0,0
3913728,0,0.0028,0,0
3915776,0,0.00253333,0,0
3917824,0,0.00343333,0,0
3919872,0,0.0247667,0,0
3921920,0,0.018,0,0
3923968,0,0.0029,0,0
3926016,0,0.0032,0,0
3928064,0,0.0045,0,0
3930112,0,,,
3932160,0,0.0026,0,0
3934208,0,0.00365,0,0
3936256,0,0.00385,0,0
3938304,0,0.0108667,0,0
3940352,0,0.00405,0,0
3942400,0,0.001,0,0
3944448,0,,,
3946496,0,0.0231,0,0
3948544,0,0.0046,0,0
3950592,0,,,
3952640,0,,,
3954688,0,0.0046,0,0
3956736,0,0.0045,0,0
3958784,0,0.0109333,0,0
3960832,0,0.0088,0,0
3962880,0,0.0054,0,0
3964928,0,0.0256,0,0
3966976,0,0.00376667,0,0
3969024,0,,,
3971072,0,,,
3973120,0,0.003425,0,0
3975168,0,,,
3977216,0,0.00256667,0,0
3979264,0,0.0008,0,0
3981312,0,,,
3983360,0,,,
3985408,0,,,
3987456,0,,,
3989504,0,0.0025,0,0
3991552,0,0.002925,0,0
3993600,0,0.0222333,0,0
3995648,0,,,
3997696,0,0.00263333,0,0
3999744,0,0.0046,0,0
4001792,0,0.0019,0,0
4003840,0,0.0047,0,0
4005888,0,0.0057,0,0
4007936,0,0.0108,0,0
4009984,0,0.0038,0,0
4012032,0,,,
4014080,0,,,
4016128,0,0.0029,0,0
4018176,0,0.0048,0,0
4020224,0,0.0029,0,0
4022272,0,0.00295,0,0
4024320,0,0.00286667,0,0
4026368,0,0.003,0,0
4028416,0,0.0029,0,0
4030464,0,0.0212,0,0
4032512,0,0.0058,0,0
4034560,0,0.00225,0,0
4036608,0,0.0013,0,0
4038656,0,0.0029,0,0
4040704,0,0.00065,0,0
4042752,0,,,
4044800,0,0.0002,0,0
4046848,0,0.01375,0,0
4048896,0,0.0037,0,0
4050944,0,0.02015,0,0
4052992,0,0.00275,0,0
4055040,0,0.0024,0,0
4057088,0,0.0016,0,0
4059136,0,0.0025,0,0
4061184,0,0.00116667,0,0
4063232,0,0.0027,0,0
4065280,0,0.0045,0,0
4067328,0,0.0035,0,0
4069376,0,0.00355,0,0
4071424,0,0.002175,0,0
4073472,0,0.0024,0,0
4075520,0,0.00255,0,0
4077568,0,0.0023,0,0
4079616,0,,,
4081664,0,,,
4083712,0,0.00165,0,0
4085760,0,,,
4087808,0,,,
4089856,0,0.00265,0,0
4091904,0,0.00255,0,0
4093952,0,,,
4096000,0,0.0028,0,0
4098048,0,0.0021,0,0
4100096,0,0.0016,0,0
4102144,0,0.0006,0,0
4104192,0,,,
4106240,0,,,
4108288,0,0.0015,0,0
4110336,0,0.0223,0,0
4112384,0,,,
4114432,0,0.0037,0,0
4116480,0,0,0,0
4118528,0,0.0635,0,0
4120576,0,0.0004,0,0
4122624,0,0.0015,0,0
4124672,0,0.00295,0,0
4126720,0,0.0024,0,0
4128768,0,0.00115,0,0
4130816,0,0.00155,0,0
4132864,0,,,
4134912,0,0.0362,0,0
4136960,0,,,
4139008,0,0.001375,0,0
4141056,0,,,
4143104,0,0.00205,0,0
4145152,0,0.0022,0,0
4147200,0,0.0011,0,0
4149248,0,0.0108,0,0
4151296,0,,,
4153344,0,0.0015,0,0
4155392,0,,,
4157440,0,,,
4159488,0,0.0015,0,0
4161536,0,0.00942,0,0
4163584,0,0.0013,0,0
4165632,0,0.0009,0,0
4167680,0,0.00186667,0,0
4169728,0,,,
4171776,0,0.0011,0,0
4173824,0,0.0011,0,0
4175872,0,0.00295,0,0
4177920,0,,,
4179968,0,0.0011,0,0
4182016,0,,,
4184064,0,0.00195,0,0
4186112,0,0.0201,0,0
4188160,0,0.0008,0,0
4190208,0,0.0003,0,0
4192256,0,0.0013,0,0
4194304,0,,,
4196352,0,,,
4198400,0,0.0013,0,0
4200448,0,0.0015,0,0
4202496,0,,,
4204544,0,,,
4206592,0,0.00163333,0,0
4208640,0,,,
4210688,0,0.00095,0,0
4212736,0,0.0022,0,0
4214784,0,0.0017,0,0
4216832,0,0.00316667,0,0
4218880,0,,,
4220928,0,0.00525,0,0
4222976,0,,,
4225024,0,,,
4227072,0,0.00055,0,0
4229120,0,,,
4231168,0,0.0022,0,0
4233216,0,0.001,0,0
4235264,0,0.0485,0,0
4237312,0,0.0015,0,0
4239360,0,,,
4241408,0,0.0021,0,0
4243456,0,0.00215,0,0
4245504,0,,,
4247552,0,0.0002,0,0
4249600,0,0.00213333,0,0
4251648,0,0.00205,0,0
4253696,0,0.0013,0,0
4255744,0,0.0032,0,0
4257792,0,0.097,0,0
4259840,0,0.0015,0,0
4261888,0,0.0032,0,0
4263936,0,,,
4265984,0,0.004,0,0
4268032,0,0.00155,0,0
4270080,0,0.0055,0,0
4272128,0,0.0008,0,0
4274176,0,0,0,0
4276224,0,0.00106667,0,0
4278272,0,0.00065,0,0
4280320,0,0.0005,0,0
4282368,0,0.0029,0,0
4284416,0,0.01315,0,0
4286464,0,0.0009,0,0
4288512,0,,,
4290560,0,0.01705,0,0
4292608,0,,,
4294656,0,,,
4296704,0,,,
4298752,0,,,
4300800,0,,,
4302848,0,0.0002,0,0
4304896,0,0.0007,0,0
4306944,0,,,
4308992,0,0.000733333,0,0
4311040,0,0.0017,0,0
4313088,0,0.00105,0,0
4315136,0,0.00476,0,0
4317184,0,,,
4319232,0,,,
4321280,0,0.00085,0,0
4323328,0,0.0011,0,0
4325376,0,,,
4327424,0,0.0011,0,0
4329472,0,,,
4331520,0,0.0027,0,0
4333568,0,0,0,0
4335616,0,0,0,0
4337664,0,0.00225,0,0
4339712,0,0.00183333,0,0
4341760,0,,,
4343808,0,0.0053,0,0
4345856,0,0.00315,0,0
4347904,0,,,
4349952,0,,,
4352000,0,0.0015,0,0
4354048,0,0.0031,0,0
4356096,0,0.0016,0,0
4358144,0,0.0023,0,0
4360192,0,,,
4362240,0,0.002375,0,0
4364288,0,0.0025,0,0
4366336,0,0.0021,0,0
4368384,0,0.0027,0,0
4370432,0,0.0131333,0,0
4372480,0,0.0211,0,0
4374528,0,0.0025,0,0
4376576,0,,,
4378624,0,0.003,0,0
4380672,0,,,
4382720,0,0.0025,0,0
4384768,0,,,
4386816,0,0.0389,0,0
4388864,0,,,
4390912,0,0.0026,0,0
4392960,0,0.0027,0,0
4395008,0,,,
4397056,0,0.003,0,0
4399104,0,0.0032,0,0
4401152,0,0.0005,0,0
4403200,0,,,
4405248,0,0.0009,0,0
4407296,0,0.00145,0,0
4409344,0,0.0022,0,0
4411392,0,0.0528,0,0
4413440,0,0.0002,0,0
4415488,0,0.0015,0,0
4417536,0,0.00355,0,0
4419584,0,,,
4421632,0,,,
4423680,0,0.0003,0,0
4425728,0,0.0013,0,0
4427776,0,0.0002,0,0
4429824,0,0.0002,0,0
4431872,0,,,
4433920,0,0.00653333,0,0
4435968,0,0.0016,0,0
4438016,0,0.00065,0,0
4440064,0,0.003,0,0
4442112,0,0.0027,0,0
4444160,0,,,
4446208,0,,,
4448256,0,,,
4450304,0,0.0015,0,0
4452352,0,,,
4454400,0,0.00556,0,0
4456448,0,,,
4458496,0,0.01295,0,0
4460544,0,0.00316667,0,0
4462592,0,0.003025,0,0
4464640,0,0.0019,0,0
4466688,0,0.0233667,0,0
4468736,0,0.002925,0,0
4470784,0,0.007325,0,0
4472832,0,,,
4474880,0,0.0046,0,0
4476928,0,0.003025,0,0
4478976,0,,,
4481024,0,,,
4483072,0,0.0026,0,0
4485120,0,0.0045,0,0
4487168,0,,,
4489216,0,0.0023,0,0
4491264,0,0.0015,0,0
4493312,0,0.0023,0,0
4495360,0,0.00328,0,0
4497408,0,,,
4499456,0,0.0181,0,0
4501504,0,0.01454,0,0
4503552,0,0.003,0,0
4505600,0,0.035,0,0
4507648,0,0.00315,0,0
4509696,0,0.0157,0,0
4511744,0,0.00205,0,0
4513792,0,0.004,0,0
4515840,0,,,
4517888,0,0.0022,0,0
4519936,0,0.029825,0,0
4521984,0,0.00946667,0,0
4524032,0,0.0018,0,0
4526080,0,0.00516667,0,0
4528128,0,0.0024,0,0
4530176,0,0.0079,0,0
4532224,0,0.0004,0,0
4534272,0,0.0168333,0,0
4536320,0,0.00116667,0,0
4538368,0,0.0016,0,0
4540416,0,0.0023,0,0
4542464,0,,,
4544512,0,0.0137333,0,0
4546560,0,0.0023,0,0
4548608,0,0.0013,0,0
4550656,0,,,
4552704,0,0.00145,0,0
4554752,0,0.0055,0,0
4556800,0,0.0005,0,0
4558848,0,0.010125,0,0
4560896,0,0.0002,0,0
4562944,0,0.01195,0,0
4564992,0,0.0012,0,0
4567040,0,0.0046,0,0
4569088,0,0.0213,0,0
4571136,0,0.0026,0,0
4573184,0,0.00275,0,0
4575232,0,0.00185,0,0
4577280,0,,,
4579328,0,0.00173333,0,0
4581376,0,0.0028,0,0
4583424,0,0.00145,0,0
4585472,0,0.0024,0,0
4587520,0,,,
4589568,0,0.01165,0,0
4591616,0,0.023,0,0
4593664,0,,,
4595712,0,0.01065,0,0
4597760,0,0.0014,0,0
4599808,0,0.00133333,0,0
4601856,0,0.0015,0,0
4603904,0,0,0,0
4605952,0,0.0021,0,0
4608000,0,0.0988,0,0
4610048,0,0,0,0
4612096,0,,,
4614144,0,,,
4616192,0,0.0013,0,0
4618240,0,0.0035,0,0
4620288,0,0.00125,0,0
4622336,0,0.0048,0,0
4624384,0,,,
4626432,0,,,
4628480,0,0.0026,0,0
4630528,0,0,0,0
4632576,0,,,
4634624,0,0.00335,0,0
4636672,0,0.0069,0,0
4638720,0,0.0034,0,0
4640768,0,0.0004,0,0
4642816,0,0.00225,0,0
4644864,0,0.00185,0,0
4646912,0,0,0,0
4648960,0,0,0,0
4651008,0,0.00566667,0,0
4653056,0,0.0011,0,0
4655104,0,0,0,0
4657152,0,0.0078,0,0
4659200,0,,,
4661248,0,0.00255,0,0
4663296,0,0.0244,0,0
4665344,0,0.00293333,0,0
4667392,0,0.0017,0,0
4669440,0,0.0011,0,0
4671488,0,0.00155,0,0
4673536,0,0.0008,0,0
4675584,0,0.0008,0,0
4677632,0,0.0031,0,0
4679680,0,0.0006,0,0
4681728,0,0.00295,0,0
4683776,0,0,0,0
4685824,0,0.00126667,0,0
4687872,0,0.00225,0,0
4689920,0,,,
4691968,0,0.00195,0,0
4694016,0,0.0016,0,0
4696064,0,,,
4698112,0,0.002,0,0
4700160,0,0.00336667,0,0
4702208,0,0.003,0,0
4704256,0,0.0008,0,0
4706304,0,0.0014,0,0
4708352,0,0,0,0
4710400,0,0.0004,0,0
4712448,0,0.0007,0,0
4714496,0,0.00423333,0,0
4716544,0,0.0092,0,0
4718592,0,0.0038,0,0
4720640,0,,,
4722688,0,0.00226,0,0
4724736,0,0.0199,0,0
4726784,0,0.0223,0,0
4728832,0,0.0083,0,0
4730880,0,0.006125,0,0
4732928,0,,,
4734976,0,0.00796667,0,0
4737024,0,0.005,0,0
4739072,0,,,
4741120,0,0.00495,0,0
4743168,0,0.0055,0,0
4745216,0,0.00915,0,0
4747264,0,0.003,0,0
4749312,0,0.00362,0,0
4751360,0,0.00936667,0,0
4753408,0,0.00334,0,0
4755456,0,0.0069,0,0
4757504,0,0.01885,0,0
4759552,0,0.00715,0,0
4761600,0,0.0117667,0,0
4763648,0,0.051,0,0
4765696,0,0.009125,0,0
4767744,0,0.02424,0,0
4769792,0,0.0064,0,0
4771840,0,0.026175,0,0
4773888,0,,,
4775936,0,0.0029,0,0
4777984,0,0.00495,0,0
4780032,0,0.0074,0,0
4782080,0,0.038875,0,0
4784128,0,0.004,0,0
4786176,0,0.0043,0,0
4788224,0,0.001,0,0
4790272,0,,,
4792320,0,0.00433333,0,0
4794368,0,0.0043,0,0
4796416,0,0.0041,0,0
4798464,0,0.0097,0,0
4800512,0,,,
4802560,0,0.0045,0,0
4804608,0,0.00225,0,0
4806656,0,0.03125,0,0
4808704,0,0.00885,0,0
4810752,0,0.00526667,0,0
4812800,0,0.035,0,0
4814848,0,0.05225,0,0
4816896,0,0.0041,0,0
4818944,0,0.0047,0,0
4820992,0,0.007,0,0
4823040,0,0.00765,0,0
4825088,0,,,
4827136,0,0.0092,0,0
4829184,0,0.0453,0,0
4831232,0,0.0027,0,0
4833280,0,0.0029,0,0
4835328,0,0.00445,0,0
4837376,0,0.0043,0,0
4839424,0,0.00566667,0,0
4841472,0,,,
4843520,0,,,
4845568,0,0.0073,0,0
4847616,0,,,
4849664,0,0.0055,0,0
4851712,0,,,
4853760,0,0.00395,0,0
4855808,0,0.0006,0,0
4857856,0,,,
4859904,0,0.02228,0,0
4861952,0,,,
4864000,0,0.0018,0,0
4866048,0,0.00763333,0,0
4868096,0,0,0,0
4870144,0,0.0049,0,0
4872192,0,0.0032,0,0
4874240,0,0.0447667,0,0
4876288,0,0.0195,0,0
4878336,0,0.0029,0,0
4880384,0,0.0034,0,0
4882432,0,0.00795,0,0
4884480,0,0.00525,0,0
4886528,0,0.0064,0,0
4888576,0,0.0144,0,0
4890624,0,0.0081,0,0
4892672,0,0.002,0,0
4894720,0,0.0201,0,0
4896768,0,0.004,0,0
4898816,0,0.0064,0,0
4900864,0,,,
4902912,0,0.00455,0,0
4904960,0,0.004,0,0
4907008,0,0.00175,0,0
4909056,0,0.0043,0,0
4911104,0,0.0046,0,0
4913152,0,0.0368333,0,0
4915200,0,0.00345,0,0
4917248,0,0.0039,0,0
4919296,0,0.0032,0,0
4921344,0,0.004,0,0
4923392,0,0.0216,0,0
4925440,0,0.0037,0,0
4927488,0,0.004,0,0
4929536,0,0.0018,0,0
4931584,0,,,
4933632,0,0.00856667,0,0
4935680,0,0.0856,0,0
4937728,0,0.01675,0,0
4939776,0,0.0165333,0,0
4941824,0,0.0036,0,0
4943872,0,0.0241333,0,0
4945920,0,0.00475,0,0
4947968,0,0.0026,0,0
4950016,0,0.0046,0,0
4952064,0,0.00396,0,0
4954112,0,0.0103,0,0
4956160,0,0.0196,0,0
4958208,0,0.0034,0,0
4960256,0,0.00455,0,0
4962304,0,,,
4964352,0,0.0037,0,0
4966400,0,0.0232,0,0
4968448,0,0.01625,0,0
4970496,0,0.0063,0,0
4972544,0,0.08345,0,0
4974592,0,0.00385,0,0
4976640,0,0.0995,0,0
4978688,0,0.00406667,0,0
4980736,0,0.02785,0,0
4982784,0,0.00345,0,0
4984832,0,0.0241,0,0
4986880,0,0.00365,0,0
4988928,0,0.0353,0,0
4990976,0,0.02185,0,0
4993024,0,,,
4995072,0,0.00698333,0,0
4997120,0,0.00475,0,0
4999168,0,0.0031,0,0
5001216,0,0.0039,0,0
