# W&B run 4flr2r0w; progress (keyed), clear_rate and key_rate are averages of training Attempts ended since the last point; key_rate is blank where the run did not log it
step,ep_rew_mean,progress,clear_rate,key_rate
5003264,0,0.0984,0,0
5005312,0,0.795467,0,1
5007360,0,0.859575,0,1
5009408,0,0.735733,0,1
5011456,0,0.741575,0,1
5013504,0,0.71285,0,1
5015552,0,0.663075,0,0.75
5017600,0,0.92005,0,1
5019648,0,0.71858,0,0.8
5021696,0,0.7432,0,1
5023744,0,0.8586,0,1
5025792,0,0.68145,0,1
5027840,0,0.80108,0,1
5029888,0,0.79965,0,1
5031936,0,0.605667,0,0.666667
5033984,0,0.6941,0,1
5036032,0,0.858933,0,1
5038080,0,0.858875,0,1
5040128,0,0.858533,0,1
5042176,0,0.85925,0,1
5044224,0,0.829117,0,1
5046272,0,0.85865,0,1
5048320,0,0.6852,0,0.8
5050368,0,0.8597,0,1
5052416,0,0.6442,0,0.8
5054464,0,0.878667,0,1
5056512,0,0.859133,0,1
5058560,0,0.859533,0,1
5060608,0,0.781175,0,1
5062656,0,0.858825,0,1
5064704,0,0.673133,0,1
5066752,0,0.8592,0,1
5068800,0,0.85918,0,1
5070848,0,0.8591,0,1
5072896,0,0.65412,0,0.8
5074944,0,0.8592,0,1
5076992,0,0.85945,0,1
5079040,0,0.747775,0,1
5081088,0,0.824775,0,1
5083136,0,0.63145,0,0.75
5085184,0,0.855467,0,1
5087232,0,0.8398,0,1
5089280,0,0.867167,0,1
5091328,0,0.8582,0,1
5093376,0,0.780375,0,1
5095424,0,0.71536,0,0.8
5097472,0,0.73325,0,1
5099520,0,0.8101,0,1
5101568,0,0.8597,0,1
5103616,0,0.8597,0,1
5105664,0,0.863,0,1
5107712,0,0.7987,0,1
5109760,0,0.73896,0,1
5111808,0,0.74135,0,1
5113856,0,0.7646,0,1
5115904,0,0.77715,0,1
5117952,0,0.68984,0,1
5120000,0,0.62396,0,1
5122048,0,0.738733,0,1
5124096,0,0.85994,0,1
5126144,0,0.844,0,1
5128192,0,0.85945,0,1
5130240,0,0.85945,0,1
5132288,0,0.856633,0,1
5134336,0,0.762333,0,1
5136384,0,0.82244,0,1
5138432,0,0.831267,0,1
5140480,0,0.6572,0,1
5142528,0,0.8486,0,1
5144576,0,0.83732,0,1
5146624,0,0.4571,0,0.666667
5148672,0,0.8393,0,1
5150720,0,0.82428,0,1
5152768,0,0.73314,0,1
5154816,0,0.725575,0,1
5156864,0,0.6752,0,1
5158912,0,0.8597,0,1
5160960,0,0.639475,0,1
5163008,0,0.867067,0,1
5165056,0,0.843733,0,1
5167104,0,0.846533,0,1
5169152,0,0.858925,0,1
5171200,0,0.856267,0,1
5173248,0,0.844333,0,1
5175296,0,0.655375,0,0.75
5177344,0,0.724133,0,1
5179392,0,0.802367,0,1
5181440,0,0.83985,0,1
5183488,0,0.852833,0,1
5185536,0,0.84418,0,1
5187584,0,0.64255,0,1
5189632,0,0.82284,0,1
5191680,0,0.68805,0,1
5193728,0,0.7696,0,1
5195776,0,0.766525,0,1
5197824,0.01,0.894775,0.25,1
5199872,0.01,0.867433,0,1
5201920,0.01,0.66605,0,1
5203968,0.01,0.8002,0,1
5206016,0.01,0.859,0,1
5208064,0.01,0.8597,0,1
5210112,0.01,0.8215,0,1
5212160,0.01,,,
5214208,0.01,0.8596,0,1
5216256,0.01,0.789533,0,1
5218304,0.01,0.8591,0,1
5220352,0.01,0.8633,0,1
5222400,0.01,0.6091,0,0.666667
5224448,0.01,0.8173,0,1
5226496,0.01,0.676325,0,0.75
5228544,0.01,0.746867,0,1
5230592,0.01,0.8597,0,1
5232640,0.01,0.81595,0,1
5234688,0.01,0.6217,0,1
5236736,0.01,0.8789,0,1
5238784,0.01,0.770675,0,1
5240832,0.01,0.72995,0,1
5242880,0.01,0.80322,0,1
5244928,0.01,0.5676,0,1
5246976,0.01,0.81208,0,1
5249024,0.01,0.8591,0,1
5251072,0.01,0.1965,0,0
5253120,0.01,0.8651,0,1
5255168,0.01,0.7727,0,1
5257216,0.01,0.5372,0,0.666667
5259264,0,0.596275,0,0.75
5261312,0,0.85945,0,1
5263360,0,0.82878,0,1
5265408,0,0.8597,0,1
5267456,0,0.8848,0,1
5269504,0,0.61536,0,0.8
5271552,0,0.774967,0,1
5273600,0,0.739467,0,1
5275648,0,0.814925,0,1
5277696,0,0.859533,0,1
5279744,0,0.8101,0,1
5281792,0,0.642,0,1
5283840,0,0.5664,0,1
5285888,0,0.81266,0,1
5287936,0,0.5081,0,0.666667
5289984,0,0.829533,0,1
5292032,0,0.78708,0,1
5294080,0,0.859533,0,1
5296128,0,0.819,0,1
5298176,0,0.7802,0,1
5300224,0,0.82464,0,1
5302272,0,0.859167,0,1
5304320,0,0.6309,0,0.75
5306368,0,0.85925,0,1
5308416,0,0.71346,0,1
5310464,0,0.7679,0,1
5312512,0,0.8722,0,1
5314560,0,0.85928,0,1
5316608,0,0.77125,0,1
5318656,0,0.775,0,1
5320704,0,0.853967,0,1
5322752,0,0.7739,0,1
5324800,0,0.80162,0,1
5326848,0,0.809833,0,1
5328896,0,0.5249,0,0.666667
5330944,0,0.800933,0,1
5332992,0,0.81642,0,1
5335040,0,0.77155,0,1
5337088,0,0.78815,0,1
5339136,0,0.675033,0,1
5341184,0,0.87205,0,1
5343232,0,0.7976,0,1
5345280,0,0.752275,0,1
5347328,0,0.8487,0,1
5349376,0,0.829467,0,1
5351424,0,0.8754,0,1
5353472,0,0.8597,0,1
5355520,0,0.82905,0,1
5357568,0,0.63046,0,1
5359616,0,0.722533,0,1
5361664,0,0.645033,0,0.666667
5363712,0,0.653267,0,0.666667
5365760,0,0.4931,0,0.5
5367808,0,0.8139,0,1
5369856,0,0.806733,0,1
5371904,0,0.60914,0,0.8
5373952,0,0.79375,0,1
5376000,0,0.6668,0,1
5378048,0,0.747375,0,1
5380096,0,0.5074,0,1
5382144,0,0.8597,0,1
5384192,0,0.74865,0,1
5386240,0,0.59845,0,1
5388288,0,0.53625,0,0.5
5390336,0,0.83555,0,1
5392384,0,0.77138,0,1
5394432,0,0.7723,0,1
5396480,0,0.6732,0,1
5398528,0,0.68036,0,0.8
5400576,0,0.663975,0,1
5402624,0,0.7396,0,1
5404672,0,0.7352,0,0.8
5406720,0,0.67724,0,1
5408768,0,0.6053,0,0.666667
5410816,0,0.8522,0,1
5412864,0,0.703467,0,1
5414912,0,0.5855,0,1
5416960,0,0.8597,0,1
5419008,0,0.8633,0,1
5421056,0,0.728588,0,1
5423104,0,0.6188,0,1
5425152,0,0.67766,0,0.8
5427200,0,0.8722,0,1
5429248,0,0.8597,0,1
5431296,0,0.859233,0,1
5433344,0,0.7359,0,1
5435392,0,0.694425,0,0.75
5437440,0,0.6473,0,1
5439488,0,0.8152,0,1
5441536,0,0.54345,0,0.5
5443584,0,0.642825,0,0.75
5445632,0,0.652733,0,0.666667
5447680,0,0.7839,0,1
5449728,0,0.7515,0,1
5451776,0,0.7132,0,1
5453824,0,0.85935,0,1
5455872,0,0.92985,0,1
5457920,0,0.740167,0,1
5459968,0,0.728375,0,1
5462016,0,0.6527,0,0.666667
5464064,0,0.718933,0,1
5466112,0,0.859367,0,1
5468160,0,0.799375,0,1
5470208,0,0.864225,0,1
5472256,0,0.582133,0,1
5474304,0,0.85945,0,1
5476352,0,0.85945,0,1
5478400,0,0.8603,0,1
5480448,0,0.794267,0,1
5482496,0,0.859067,0,1
5484544,0,0.6959,0,0.75
5486592,0,0.79745,0,1
5488640,0,,,
5490688,0,0.8361,0,1
5492736,0,0.801933,0,1
5494784,0,0.55,0,0.5
5496832,0,0.86445,0,1
5498880,0,0.8597,0,1
5500928,0,0.682025,0,0.75
5502976,0,0.8651,0,1
5505024,0,0.62162,0,0.8
5507072,0,0.70584,0,0.8
5509120,0,0.8604,0,1
5511168,0,0.8632,0,1
5513216,0,0.78925,0,1
5515264,0,0.8592,0,1
5517312,0,0.89765,0,1
5519360,0,0.67575,0,1
5521408,0,0.864325,0,1
5523456,0,0.8633,0,1
5525504,0,0.807567,0,1
5527552,0,0.85905,0,1
5529600,0,0.801833,0,1
5531648,0,0.8597,0,1
5533696,0,0.80398,0,1
5535744,0,0.776967,0,1
5537792,0,0.7914,0,1
5539840,0,0.63974,0,0.8
5541888,0,0.8597,0,1
5543936,0,0.833367,0,1
5545984,0,0.776767,0,1
5548032,0,0.7778,0,1
5550080,0,0.892775,0,1
5552128,0,0.8541,0,1
5554176,0,0.85945,0,1
5556224,0,0.82392,0,1
5558272,0,0.54095,0,1
5560320,0,0.684075,0,1
5562368,0,0.7613,0,1
5564416,0,0.85925,0,1
5566464,0,0.60375,0,1
5568512,0,0.862833,0,1
5570560,0,0.8701,0,1
5572608,0,0.6946,0,0.75
5574656,0,0.8271,0,1
5576704,0,0.8584,0,1
5578752,0,0.859133,0,1
5580800,0,0.8019,0,1
5582848,0,0.77905,0,1
5584896,0,0.6962,0,0.75
5586944,0,0.798,0,1
5588992,0,,,
5591040,0,0.858967,0,1
5593088,0,0.85925,0,1
5595136,0,0.647675,0,1
5597184,0,0.800267,0,1
5599232,0,0.7837,0,1
5601280,0,0.8579,0,1
5603328,0,0.858833,0,1
5605376,0,0.782467,0,1
5607424,0,0.82965,0,1
5609472,0,0.663367,0,1
5611520,0,0.857767,0,1
5613568,0,0.6695,0,0.75
5615616,0,0.6202,0,1
5617664,0,0.828275,0,1
5619712,0,0.63045,0,1
5621760,0,0.7688,0,1
5623808,0,0.6929,0,1
5625856,0,0.7768,0,1
5627904,0,0.8597,0,1
5629952,0,0.779533,0,1
5632000,0,0.72794,0,1
5634048,0,0.678967,0,1
5636096,0,0.631325,0,0.75
5638144,0,0.5805,0,1
5640192,0,0.857867,0,1
5642240,0,0.73265,0,1
5644288,0,0.8597,0,1
5646336,0,0.660575,0,0.75
5648384,0,0.7756,0,1
5650432,0,0.694867,0,1
5652480,0,0.9916,0,1
5654528,0,0.80845,0,1
5656576,0,0.77715,0,1
5658624,0,0.843,0,1
5660672,0,0.689217,0,1
5662720,0,0.82225,0,1
5664768,0,0.7782,0,1
5666816,0,0.81965,0,1
5668864,0,0.82855,0,1
5670912,0,0.6158,0,0.8
5672960,0,0.66698,0,0.8
5675008,0,0.8014,0,1
5677056,0,0.723975,0,1
5679104,0,0.60522,0,0.8
5681152,0,0.8592,0,1
5683200,0,0.69046,0,1
5685248,0,0.820867,0,1
5687296,0,0.6676,0,1
5689344,0,0.8309,0,1
5691392,0,0.785867,0,1
5693440,0,0.5562,0,1
5695488,0,0.83075,0,1
5697536,0,0.8343,0,1
5699584,0,0.8409,0,1
5701632,0,0.7609,0,1
5703680,0,0.6328,0,0.666667
5705728,0,0.798,0,1
5707776,0,0.83435,0,1
5709824,0,0.859367,0,1
5711872,0,0.77808,0,1
5713920,0,0.624,0,0.666667
5715968,0,0.767367,0,1
5718016,0,,,
5720064,0,0.7761,0,1
5722112,0,0.8597,0,1
5724160,0,0.736383,0,1
5726208,0,0.60026,0,0.8
5728256,0,,,
5730304,0,0.8164,0,1
5732352,0,0.47845,0,0.5
5734400,0,0.83205,0,1
5736448,0,0.85945,0,1
5738496,0,0.5667,0,1
5740544,0,0.708633,0,0.833333
5742592,0,0.6745,0,1
5744640,0,0.692867,0,1
5746688,0,0.9154,0,1
5748736,0,0.81185,0,1
5750784,0,0.8418,0,1
5752832,0,0.74338,0,1
5754880,0,0.8597,0,1
5756928,0,0.849325,0,1
5758976,0,0.799325,0,1
5761024,0,0.8303,0,1
5763072,0,0.5667,0,1
5765120,0,0.7796,0,1
5767168,0,0.807633,0,1
5769216,0,0.773333,0,1
5771264,0,0.8597,0,1
5773312,0,0.84275,0,1
5775360,0,0.760333,0,1
5777408,0,0.789267,0,1
5779456,0,0.78468,0,1
5781504,0,0.6151,0,1
5783552,0,0.824375,0,1
5785600,0,0.74014,0,1
5787648,0,0.729733,0,1
5789696,0,0.8417,0,1
5791744,0,0.846725,0,1
5793792,0,0.845275,0,1
5795840,0,0.5676,0,1
5797888,0,0.81562,0,1
5799936,0,0.71415,0,1
5801984,0,0.7632,0,1
5804032,0,0.8279,0,1
5806080,0,0.85326,0,1
5808128,0,,,
5810176,0,0.72916,0,1
5812224,0,0.820975,0,1
5814272,0,0.5681,0,0.666667
5816320,0,0.8276,0,1
5818368,0,0.79235,0,1
5820416,0,0.8567,0,1
5822464,0,0.85915,0,1
5824512,0,0.7182,0,1
5826560,0,0.70405,0,1
5828608,0,0.858967,0,1
5830656,0,0.670375,0,1
5832704,0,0.739829,0,1
5834752,0,0.8597,0,1
5836800,0,0.778167,0,1
5838848,0,0.664,0,1
5840896,0,0.6989,0,1
5842944,0,0.817833,0,1
5844992,0,0.809883,0,1
5847040,0,0.0995,0,0
5849088,0,0.805767,0,1
5851136,0,0.80886,0,1
5853184,0,0.8148,0,1
5855232,0,0.7823,0,1
5857280,0,0.813833,0,1
5859328,0,0.8443,0,1
5861376,0,0.67555,0,1
5863424,0,0.67236,0,0.8
5865472,0,0.648925,0,1
5867520,0,0.799267,0,1
5869568,0,0.5323,0,0.75
5871616,0,0.6914,0,1
5873664,0,0.824433,0,1
5875712,0,0.774575,0,1
5877760,0,0.7498,0,1
5879808,0,0.7799,0,1
5881856,0,0.43495,0,0.5
5883904,0,0.8355,0,1
5885952,0,0.8592,0,1
5888000,0,0.52158,0,0.6
5890048,0,0.571767,0,1
5892096,0,0.859475,0,1
5894144,0,0.46055,0,0.5
5896192,0,0.7704,0,1
5898240,0,0.6667,0,1
5900288,0,0.8597,0,1
5902336,0,0.8597,0,1
5904384,0,0.6781,0,1
5906432,0,0.86005,0,1
5908480,0,0.7612,0,1
5910528,0,0.710933,0,1
5912576,0,0.74,0,1
5914624,0,0.4638,0,0.5
5916672,0,0.76755,0,1
5918720,0,0.85895,0,1
5920768,0,0.835033,0,1
5922816,0,0.799933,0,1
5924864,0,0.8597,0,1
5926912,0,0.8584,0,1
5928960,0,0.86295,0,1
5931008,0,0.2404,0,0
5933056,0,0.8582,0,1
5935104,0,0.8656,0,1
5937152,0,0.7854,0,1
5939200,0,0.827425,0,1
5941248,0,0.758,0,1
5943296,0,0.6673,0,1
5945344,0,0.744933,0,1
5947392,0,0.70925,0,1
5949440,0,0.8601,0,1
5951488,0,0.66414,0,1
5953536,0,0.6997,0,1
5955584,0,0.72646,0,1
5957632,0,0.599567,0,1
5959680,0,0.8574,0,1
5961728,0,0.8484,0,1
5963776,0,0.6824,0,1
5965824,0,0.8597,0,1
5967872,0,0.669125,0,0.75
5969920,0,0.829067,0,1
5971968,0,0.732375,0,1
5974016,0,0.768675,0,1
5976064,0,0.8597,0,1
5978112,0,0.7445,0,1
5980160,0,0.6788,0,1
5982208,0,0.7562,0,0.833333
5984256,0,0.59055,0,1
5986304,0,0.5254,0,0.571429
5988352,0,0.643725,0,1
5990400,0,0.6657,0,1
5992448,0,0.69918,0,1
5994496,0,0.8597,0,1
5996544,0,0.8016,0,1
5998592,0,0.8597,0,1
6000640,0,0.8221,0,1
6002688,0,0.819075,0,1
6004736,0,0.573925,0,1
6006784,0,0.859733,0,1
6008832,0,0.7172,0,1
6010880,0,0.85738,0,1
6012928,0,0.66015,0,1
6014976,0,0.85818,0,1
6017024,0,0.8597,0,1
6019072,0,0.77654,0,1
6021120,0,0.8579,0,1
6023168,0,0.761867,0,1
6025216,0,0.8468,0,1
6027264,0,0.858433,0,1
6029312,0,0.755933,0,1
6031360,0,0.55545,0,0.5
6033408,0,0.84906,0,1
6035456,0,0.8597,0,1
6037504,0,0.8614,0,1
6039552,0,0.8653,0,1
6041600,0,0.7497,0,1
6043648,0,0.767433,0,1
6045696,0,0.82456,0,1
6047744,0,0.857,0,1
6049792,0,0.82172,0,1
6051840,0,0.814067,0,1
6053888,0,0.8354,0,1
6055936,0,0.69222,0,0.8
6057984,0,0.7423,0,1
6060032,0,0.66632,0,0.8
6062080,0,0.85945,0,1
6064128,0,0.6373,0,0.75
6066176,0,0.822625,0,1
6068224,0,0.5339,0,0.5
6070272,0,0.807133,0,1
6072320,0,0.54565,0,0.666667
6074368,0,0.6448,0,1
6076416,0,0.6852,0,1
6078464,0,0.777725,0,1
6080512,0,0.5426,0,1
6082560,0,0.8582,0,1
6084608,0,0.818514,0,1
6086656,0,0.5665,0,1
6088704,0,0.7338,0,1
6090752,0,0.7537,0,1
6092800,0,0.8592,0,1
6094848,0,0.79655,0,1
6096896,0,0.5901,0,1
6098944,0,0.858133,0,1
6100992,0,0.767725,0,1
6103040,0,,,
6105088,0,0.8597,0,1
6107136,0,0.858567,0,1
6109184,0,0.859367,0,1
6111232,0,0.769325,0,1
6113280,0,0.66955,0,0.75
6115328,0,0.511375,0,0.75
6117376,0,0.704067,0,1
6119424,0,0.783033,0,1
6121472,0,0.8476,0,1
6123520,0,0.8014,0,1
6125568,0,0.85945,0,1
6127616,0,0.8178,0,1
6129664,0,0.3153,0,1
6131712,0,0.6377,0,0.8
6133760,0,0.8597,0,1
6135808,0,0.813725,0,1
6137856,0,0.8255,0,1
6139904,0,0.8597,0,1
6141952,0,0.795875,0,1
6144000,0,0.3068,0,0.25
6146048,0,0.783167,0,1
6148096,0,0.8249,0,1
6150144,0,0.82268,0,1
6152192,0,0.783367,0,1
6154240,0,0.47,0,0.666667
6156288,0,0.7782,0,1
6158336,0,0.77384,0,1
6160384,0,0.70115,0,1
6162432,0,0.798533,0,1
6164480,0,0.7424,0,1
6166528,0,0.7289,0,1
6168576,0,0.7319,0,1
6170624,0,0.85466,0,1
6172672,0,0.640133,0,1
6174720,0,0.7673,0,1
6176768,0,0.71695,0,1
6178816,0,0.859175,0,1
6180864,0,0.707425,0,1
6182912,0,0.7133,0,1
6184960,0,0.73785,0,1
6187008,0,0.8601,0,1
6189056,0,0.7711,0,1
6191104,0,0.8586,0,1
6193152,0,0.8032,0,1
6195200,0,0.8597,0,1
6197248,0,0.859233,0,1
6199296,0,0.85245,0,1
6201344,0,0.862367,0,1
6203392,0,0.73375,0,1
6205440,0,0.814675,0,1
6207488,0,0.8226,0,1
6209536,0,0.75125,0,1
6211584,0,0.765767,0,1
6213632,0,0.709514,0,1
6215680,0,0.662067,0,1
6217728,0,0.5841,0,1
6219776,0,0.8597,0,1
6221824,0,0.69865,0,1
6223872,0,0.81402,0,1
6225920,0,0.709633,0,1
6227968,0,0.836833,0,1
6230016,0,0.49888,0,0.6
6232064,0,0.7968,0,1
6234112,0,0.681767,0,1
6236160,0,0.606633,0,0.666667
6238208,0,0.81094,0,1
6240256,0,0.728167,0,1
6242304,0,0.774867,0,1
6244352,0,0.802875,0,1
6246400,0,0.7889,0,1
6248448,0,0.7303,0,1
6250496,0,0.74575,0,1
6252544,0,0.8587,0,1
6254592,0,0.856025,0,1
6256640,0,0.8595,0,1
6258688,0,0.713033,0,1
6260736,0,0.620733,0,0.666667
6262784,0,0.797267,0,1
6264832,0,0.8597,0,1
6266880,0,0.852633,0,1
6268928,0,0.859525,0,1
6270976,0,0.8597,0,1
6273024,0,0.85895,0,1
6275072,0,0.6875,0,1
6277120,0,0.836871,0,1
6279168,0,0.6873,0,1
6281216,0,0.8435,0,1
6283264,0,0.802825,0,1
6285312,0,0.6336,0,1
6287360,0,0.8472,0,1
6289408,0,0.808,0,1
6291456,0,0.83456,0,1
6293504,0,0.67965,0,1
6295552,0,0.784483,0,1
6297600,0,,,
6299648,0,0.741975,0,1
6301696,0,0.721267,0,1
6303744,0,0.84815,0,1
6305792,0,0.704167,0,1
6307840,0,0.7933,0,1
6309888,0,0.758867,0,1
6311936,0,0.8572,0,1
6313984,0,0.818475,0,1
6316032,0,0.795033,0,1
6318080,0,0.82558,0,1
6320128,0,0.859533,0,1
6322176,0,0.71755,0,1
6324224,0,0.69966,0,0.8
6326272,0,0.8488,0,1
6328320,0,0.84705,0,1
6330368,0,0.779333,0,1
6332416,0,0.660575,0,0.75
6334464,0,0.83445,0,1
6336512,0,0.744867,0,1
6338560,0,0.659625,0,1
6340608,0,0.775767,0,1
6342656,0,0.84795,0,1
6344704,0,0.85168,0,1
6346752,0,0.821633,0,1
6348800,0,0.6701,0,1
6350848,0,0.757933,0,1
6352896,0,0.7785,0,1
6354944,0,0.74035,0,1
6356992,0,0.805175,0,1
6359040,0,0.85975,0,1
6361088,0,0.85945,0,1
6363136,0,0.700775,0,0.75
6365184,0,0.741925,0,1
6367232,0,0.72995,0,1
6369280,0,0.761633,0,1
6371328,0,0.69145,0,1
6373376,0,,,
6375424,0,0.823117,0,1
6377472,0,0.9064,0,1
6379520,0,0.758067,0,1
6381568,0,0.842033,0,1
6383616,0,0.84375,0,1
6385664,0,0.538367,0,1
6387712,0,0.824033,0,1
6389760,0,0.631,0,0.75
6391808,0,0.6727,0,1
6393856,0,0.7792,0,1
6395904,0,0.8597,0,1
6397952,0,0.72714,0,1
6400000,0,0.6207,0,1
6402048,0,0.859533,0,1
6404096,0,0.757667,0,1
6406144,0,0.764067,0,1
6408192,0,0.824575,0,1
6410240,0,0.650575,0,0.75
6412288,0,0.8588,0,1
6414336,0,0.719833,0,1
6416384,0,0.823033,0,1
6418432,0,0.699967,0,1
6420480,0,0.8597,0,1
6422528,0,0.848325,0,1
6424576,0,0.8597,0,1
6426624,0,0.844433,0,1
6428672,0,0.859575,0,1
6430720,0,0.709725,0,1
6432768,0,0.8597,0,1
6434816,0,0.762,0,1
6436864,0,0.713075,0,1
6438912,0,,,
6440960,0,0.5895,0,0.75
6443008,0,0.8599,0,1
6445056,0,0.531,0,1
6447104,0,0.4796,0,0.5
6449152,0,,,
6451200,0,0.825233,0,1
6453248,0,0.7435,0,1
6455296,0,0.5013,0,1
6457344,0,0.8046,0,1
6459392,0,0.8597,0,1
6461440,0,0.859567,0,1
6463488,0,0.79855,0,1
6465536,0,0.61995,0,1
6467584,0,0.8206,0,1
6469632,0,,,
6471680,0,0.742725,0,1
6473728,0,0.8594,0,1
6475776,0,0.776833,0,1
6477824,0,0.823275,0,1
6479872,0,0.8585,0,1
6481920,0,0.76408,0,1
6483968,0,0.815275,0,1
6486016,0,,,
6488064,0,0.827933,0,1
6490112,0,0.67145,0,1
6492160,0,0.809,0,1
6494208,0,0.84615,0,1
6496256,0,0.713125,0,1
6498304,0,0.7533,0,1
6500352,0,0.859533,0,1
6502400,0,0.8348,0,1
6504448,0,0.7612,0,1
6506496,0,0.75315,0,1
6508544,0,0.8592,0,1
6510592,0,0.8001,0,1
6512640,0,0.8597,0,1
6514688,0,0.7766,0,1
6516736,0,0.80365,0,1
6518784,0,0.851133,0,1
6520832,0,0.859,0,1
6522880,0,0.8115,0,1
6524928,0,0.89145,0,1
6526976,0,0.683925,0,0.75
6529024,0,0.548,0,0.5
6531072,0,0.762233,0,1
6533120,0,0.7823,0,1
6535168,0,0.8025,0,1
6537216,0,0.868,0,1
6539264,0,0.7014,0,1
6541312,0,0.79312,0,1
6543360,0,0.8588,0,1
6545408,0,0.60965,0,0.833333
6547456,0,0.8597,0,1
6549504,0,0.5625,0,0.8
6551552,0,0.751,0,1
6553600,0,0.72005,0,1
6555648,0,0.801,0,1
6557696,0,0.8597,0,1
6559744,0,0.784533,0,1
6561792,0,0.66078,0,0.8
6563840,0,0.609,0,1
6565888,0,0.7968,0,1
6567936,0,0.833833,0,1
6569984,0,0.6221,0,1
6572032,0,0.8594,0,1
6574080,0,0.71365,0,1
6576128,0,0.6234,0,1
6578176,0,0.800033,0,1
6580224,0,0.69265,0,1
6582272,0,0.7052,0,1
6584320,0,0.8534,0,1
6586368,0,0.779875,0,1
6588416,0,0.684067,0,1
6590464,0,0.779533,0,1
6592512,0,0.7526,0,1
6594560,0,0.6061,0,1
6596608,0,0.822167,0,1
6598656,0,0.8512,0,1
6600704,0,0.62215,0,1
6602752,0,0.74128,0,1
6604800,0,0.8597,0,1
6606848,0,0.7541,0,1
6608896,0,0.76215,0,1
6610944,0,0.761033,0,1
6612992,0,0.76645,0,1
6615040,0,0.769925,0,1
6617088,0,0.737367,0,1
6619136,0,0.803,0,1
6621184,0,0.79575,0,1
6623232,0,,,
6625280,0,0.774233,0,1
6627328,0,0.8599,0,1
6629376,0,0.786675,0,1
6631424,0,0.7388,0,1
6633472,0,0.8597,0,1
6635520,0,0.802225,0,1
6637568,0,0.33245,0,0.5
6639616,0,0.787067,0,1
6641664,0,0.8597,0,1
6643712,0,0.7624,0,1
6645760,0,0.754925,0,1
6647808,0,0.7642,0,1
6649856,0,0.8597,0,1
6651904,0,0.859475,0,1
6653952,0,0.59838,0,0.8
6656000,0,0.59595,0,1
6658048,0,0.7409,0,1
6660096,0,0.5673,0,1
6662144,0,0.859067,0,1
6664192,0,0.8591,0,1
6666240,0,0.81422,0,1
6668288,0,0.66165,0,1
6670336,0,0.695475,0,0.75
6672384,0,0.7057,0,1
6674432,0,0.753633,0,1
6676480,0,,,
6678528,0,0.862067,0,1
6680576,0,0.85,0,1
6682624,0,0.682233,0,1
6684672,0,0.656475,0,0.75
6686720,0,,,
6688768,0,0.859533,0,1
6690816,0,0.77135,0,1
6692864,0,0.697225,0,0.75
6694912,0,0.759133,0,1
6696960,0,0.776,0,1
6699008,0,0.8597,0,1
6701056,0,0.8651,0,1
6703104,0,0.8031,0,1
6705152,0,0.8426,0,1
6707200,0,0.77795,0,1
6709248,0,0.649725,0,0.75
6711296,0,,,
6713344,0,0.63865,0,0.75
6715392,0,0.85925,0,1
6717440,0,,,
6719488,0,0.85095,0,1
6721536,0,0.8576,0,1
6723584,0,0.701767,0,1
6725632,0,0.85945,0,1
6727680,0,0.2365,0,0
6729728,0,0.8597,0,1
6731776,0,0.71315,0,1
6733824,0,0.85945,0,1
6735872,0,0.85945,0,1
6737920,0,0.785133,0,1
6739968,0,,,
6742016,0,0.83245,0,1
6744064,0,0.53435,0,0.5
6746112,0,0.8651,0,1
6748160,0,0.715157,0,1
6750208,0,0.682233,0,1
6752256,0,0.801075,0,1
6754304,0,0.83945,0,1
6756352,0,0.838425,0,1
6758400,0,0.86805,0,1
6760448,0,0.8597,0,1
6762496,0,0.862375,0,1
6764544,0,0.85925,0,1
6766592,0,0.66,0,1
6768640,0,0.768675,0,1
6770688,0,0.8581,0,1
6772736,0,0.799067,0,1
6774784,0,0.8517,0,1
6776832,0,0.8591,0,1
6778880,0,0.5521,0,1
6780928,0,0.8597,0,1
6782976,0,0.8597,0,1
6785024,0,0.8032,0,1
6787072,0,,,
6789120,0,0.84958,0,1
6791168,0,0.8404,0,1
6793216,0,0.828667,0,1
6795264,0,0.4976,0,0.666667
6797312,0,0.752533,0,1
6799360,0,0.833233,0,1
6801408,0,0.892067,0,1
6803456,0,0.7409,0,1
6805504,0,0.713867,0,1
6807552,0,,,
6809600,0,0.82142,0,1
6811648,0,0.8597,0,1
6813696,0,0.73004,0,1
6815744,0,0.548925,0,0.75
6817792,0,0.8597,0,1
6819840,0,0.761283,0,1
6821888,0,0.449967,0,0.666667
6823936,0,0.83575,0,1
6825984,0,0.73935,0,1
6828032,0,0.844,0,1
6830080,0,0.731875,0,1
6832128,0,0.84635,0,1
6834176,0,0.8637,0,1
6836224,0,0.5912,0,0.75
6838272,0,0.858967,0,1
6840320,0,0.77912,0,1
6842368,0,0.81375,0,1
6844416,0,0.7714,0,1
6846464,0,0.749857,0,1
6848512,0,0.8592,0,1
6850560,0,0.6473,0,1
6852608,0,0.8338,0,1
6854656,0,0.8057,0,1
6856704,0,0.690325,0,1
6858752,0,0.708,0,1
6860800,0,0.836567,0,1
6862848,0,0.8396,0,1
6864896,0,0.7043,0,1
6866944,0,0.8597,0,1
6868992,0,0.6246,0,1
6871040,0,0.6065,0,1
6873088,0,,,
6875136,0,0.8597,0,1
6877184,0,0.8597,0,1
6879232,0,0.8597,0,1
6881280,0,0.85945,0,1
6883328,0,0.786075,0,1
6885376,0,0.6613,0,1
6887424,0,0.8597,0,1
6889472,0,0.700225,0,0.75
6891520,0,0.80435,0,1
6893568,0,0.6235,0,1
6895616,0,,,
6897664,0,0.800867,0,1
6899712,0,0.6266,0,0.666667
6901760,0,,,
6903808,0,0.8597,0,1
6905856,0,0.8597,0,1
6907904,0,0.85815,0,1
6909952,0,0.7339,0,1
6912000,0,0.8596,0,1
6914048,0,0.819575,0,1
6916096,0,0.66785,0,1
6918144,0,0.8597,0,1
6920192,0,0.8362,0,1
6922240,0,0.817775,0,1
6924288,0,0.8597,0,1
6926336,0,0.707167,0,1
6928384,0,0.7987,0,1
6930432,0,0.8585,0,1
6932480,0,0.517633,0,0.666667
6934528,0,0.8433,0,1
6936576,0,0.817325,0,1
6938624,0,0.589267,0,0.666667
6940672,0,0.653133,0,0.666667
6942720,0,0.8597,0,1
6944768,0,0.865,0,1
6946816,0,0.8597,0,1
6948864,0,0.853,0,1
6950912,0,0.576533,0,0.666667
6952960,0,0.7736,0,1
6955008,0,0.847525,0,1
6957056,0,,,
6959104,0,0.8597,0,1
6961152,0,0.8588,0,1
6963200,0,0.7965,0,1
6965248,0,0.71145,0,1
6967296,0,,,
6969344,0,0.8592,0,1
6971392,0,0.8218,0,1
6973440,0,0.8395,0,1
6975488,0,0.8597,0,1
6977536,0,0.859133,0,1
6979584,0,0.86145,0,1
6981632,0,0.5658,0,1
6983680,0,0.854425,0,1
6985728,0,0.839067,0,1
6987776,0,0.8582,0,1
6989824,0,0.7075,0,1
6991872,0,0.698625,0,1
6993920,0,0.83295,0,1
6995968,0,,,
6998016,0,0.859533,0,1
7000064,0,0.748575,0,1
7002112,0,0.60735,0,0.75
7004160,0,0.8597,0,1
7006208,0,0.8813,0,1
7008256,0,0.883975,0,1
7010304,0,0.761633,0,1
7012352,0,0.757167,0,1
7014400,0,0.6721,0,1
7016448,0,0.836833,0,1
7018496,0,0.85895,0,1
7020544,0,0.9251,0,1
7022592,0,0.754833,0,1
7024640,0,0.70185,0,1
7026688,0,0.7616,0,1
7028736,0,0.6132,0,1
7030784,0,0.6757,0,1
7032832,0,0.858933,0,1
7034880,0,0.2412,0,0
7036928,0,0.8525,0,1
7038976,0,0.8597,0,1
7041024,0,0.6331,0,1
7043072,0,0.85555,0,1
7045120,0,0.8583,0,1
7047168,0,0.814883,0,1
7049216,0,0.8592,0,1
7051264,0,0.678633,0,1
7053312,0,0.843567,0,1
7055360,0,0.8574,0,1
7057408,0,0.7886,0,1
7059456,0,0.87578,0,1
7061504,0,0.76245,0,1
7063552,0,0.86595,0,1
7065600,0,0.8597,0,1
7067648,0,0.7765,0,1
7069696,0,0.8946,0,1
7071744,0,0.785583,0,1
7073792,0,0.7456,0,1
7075840,0,0.761933,0,1
7077888,0,0.8713,0,1
7079936,0,0.854967,0,1
7081984,0,0.8597,0,1
7084032,0,0.841633,0,1
7086080,0,0.84428,0,1
7088128,0,0.642967,0,0.666667
7090176,0,0.8597,0,1
7092224,0,0.85925,0,1
7094272,0,0.859533,0,1
7096320,0,0.798233,0,1
7098368,0,0.704967,0,1
7100416,0,0.85925,0,1
7102464,0,0.7789,0,1
7104512,0,0.9796,0,1
7106560,0,0.839933,0,1
7108608,0,0.72995,0,1
7110656,0,0.705,0,1
7112704,0,0.85865,0,1
7114752,0,0.86155,0,1
7116800,0,0.8438,0,1
7118848,0,0.8592,0,1
7120896,0,0.83665,0,1
7122944,0,0.83645,0,1
7124992,0,0.9573,0,1
7127040,0,0.840967,0,1
7129088,0,0.879575,0,1
7131136,0,0.592433,0,0.666667
7133184,0,0.8181,0,1
7135232,0,0.9237,0,1
7137280,0,0.7717,0,1
7139328,0,0.8314,0,1
7141376,0,0.634375,0,1
7143424,0,0.846,0,1
7145472,0,0.68435,0,1
7147520,0,0.67265,0,1
7149568,0,0.8597,0,1
7151616,0,0.71275,0,1
7153664,0,0.8597,0,1
7155712,0,0.8279,0,1
7157760,0,0.52265,0,0.5
7159808,0,0.8836,0,1
7161856,0,0.6517,0,0.666667
7163904,0,0.8588,0,1
7165952,0,0.79696,0,1
7168000,0,0.84655,0,1
7170048,0,0.8136,0,1
7172096,0,,,
7174144,0,0.859533,0,1
7176192,0,0.7241,0,1
7178240,0,0.8597,0,1
7180288,0,0.86005,0,1
7182336,0,0.85945,0,1
7184384,0,0.6431,0,0.666667
7186432,0,0.8588,0,1
7188480,0,0.75468,0,0.8
7190528,0,0.8592,0,1
7192576,0,0.591133,0,0.666667
7194624,0,0.8025,0,1
7196672,0,0.8597,0,1
7198720,0,0.8705,0,1
7200768,0,0.64254,0,0.8
7202816,0,,,
7204864,0,0.841633,0,1
7206912,0,0.8012,0,1
7208960,0,0.8452,0,1
7211008,0,0.806325,0,1
7213056,0,0.8597,0,1
7215104,0,0.8597,0,1
7217152,0,0.823875,0,1
7219200,0,0.87025,0,1
7221248,0,0.527933,0,0.666667
7223296,0,0.736,0,1
7225344,0,0.8597,0,1
7227392,0,0.7291,0,0.857143
7229440,0,0.683,0,1
7231488,0,0.762,0,1
7233536,0,0.833875,0,1
7235584,0,0.69325,0,1
7237632,0,0.85885,0,1
7239680,0,0.8588,0,1
7241728,0,0.8588,0,1
7243776,0,0.86555,0,1
7245824,0,0.8597,0,1
7247872,0,0.6906,0,1
7249920,0,0.8597,0,1
7251968,0,0.8594,0,1
7254016,0,0.66925,0,0.75
7256064,0,0.9814,0,1
7258112,0,0.8597,0,1
7260160,0,,,
7262208,0,0.8539,0,1
7264256,0,,,
7266304,0,0.76234,0,1
7268352,0,0.851267,0,1
7270400,0,0.86595,0,1
7272448,0,0.89185,0,1
7274496,0,0.88318,0,1
7276544,0,0.5808,0,1
7278592,0,0.6826,0,1
7280640,0,0.8651,0,1
7282688,0,0.6412,0,1
7284736,0,0.85905,0,1
7286784,0,0.859533,0,1
7288832,0,0.8599,0,1
7290880,0,0.8597,0,1
7292928,0,0.858975,0,1
7294976,0,0.6271,0,1
7297024,0,0.859533,0,1
7299072,0,0.8592,0,1
7301120,0,0.76045,0,1
7303168,0,0.859133,0,1
7305216,0,0.81965,0,1
7307264,0,0.791025,0,1
7309312,0,0.838633,0,1
7311360,0,0.811333,0,1
7313408,0,0.8321,0,1
7315456,0,0.787767,0,1
7317504,0,0.793,0,1
7319552,0,0.762167,0,1
7321600,0,0.8597,0,1
7323648,0,0.7573,0,1
7325696,0,0.8205,0,1
7327744,0,0.8591,0,1
7329792,0,0.8592,0,1
7331840,0,0.839233,0,1
7333888,0,0.84415,0,1
7335936,0,0.8597,0,1
7337984,0,0.89045,0,1
7340032,0,0.8597,0,1
7342080,0,0.828175,0,1
7344128,0,0.8597,0,1
7346176,0,0.80918,0,1
7348224,0,0.83445,0,1
7350272,0,0.92985,0,1
7352320,0,0.87165,0,1
7354368,0,0.8594,0,1
7356416,0,0.8588,0,1
7358464,0,0.844533,0,1
7360512,0,0.82815,0,1
7362560,0,0.8551,0,1
7364608,0,0.814533,0,1
7366656,0,0.77135,0,1
7368704,0,0.8588,0,1
7370752,0,0.8597,0,1
7372800,0,0.859533,0,1
7374848,0,0.721,0,1
7376896,0,0.653267,0,0.666667
7378944,0,0.5664,0,1
7380992,0,0.745,0,1
7383040,0,0.859833,0,1
7385088,0,0.4653,0,1
7387136,0,0.85945,0,1
7389184,0,0.859367,0,1
7391232,0,0.8576,0,1
7393280,0,0.8597,0,1
7395328,0,0.853175,0,1
7397376,0,,,
7399424,0,0.8597,0,1
7401472,0,0.7855,0,1
7403520,0,0.7452,0,1
7405568,0,0.7638,0,1
7407616,0,0.59975,0,0.75
7409664,0,0.7592,0,1
7411712,0,0.6189,0,1
7413760,0,0.85925,0,1
7415808,0,0.7861,0,1
7417856,0,0.729233,0,1
7419904,0,0.2395,0,0
7421952,0,0.8664,0,1
7424000,0,0.8597,0,1
7426048,0,0.665025,0,0.75
7428096,0,0.85935,0,1
7430144,0,,,
7432192,0,0.7003,0,1
7434240,0,0.8036,0,1
7436288,0,0.8597,0,1
7438336,0,0.8592,0,1
7440384,0,0.8633,0,1
7442432,0,0.85925,0,1
7444480,0,0.84722,0,1
7446528,0,0.68215,0,1
7448576,0,0.6748,0,1
7450624,0,0.8237,0,1
7452672,0,0.6967,0,1
7454720,0,0.841233,0,1
7456768,0,0.652033,0,0.833333
7458816,0,0.6531,0,0.666667
7460864,0,0.8375,0,1
7462912,0,0.85925,0,1
7464960,0,0.785675,0,1
7467008,0,0.8668,0,1
7469056,0,0.8507,0,1
7471104,0,0.85945,0,1
7473152,0,0.8597,0,1
7475200,0,0.85885,0,1
7477248,0,0.78348,0,1
7479296,0,0.8597,0,1
7481344,0,0.79152,0,1
7483392,0,0.8597,0,1
7485440,0,,,
7487488,0,0.8597,0,1
7489536,0,0.5676,0,1
7491584,0,0.85955,0,1
7493632,0,0.8597,0,1
7495680,0,0.85895,0,1
7497728,0,0.7336,0,1
7499776,0,0.8597,0,1
7501824,0,0.859533,0,1
7503872,0,0.8009,0,1
7505920,0,0.7065,0,1
7507968,0,0.9085,0,1
7510016,0,0.8597,0,1
7512064,0,0.750067,0,1
7514112,0,0.640933,0,0.666667
7516160,0,0.654033,0,1
7518208,0,0.859367,0,1
7520256,0,0.8439,0,1
7522304,0,0.89575,0,1
7524352,0,,,
7526400,0,0.7857,0,1
7528448,0,0.8597,0,1
7530496,0,0.77455,0,1
7532544,0,0.8597,0,1
7534592,0,0.819225,0,1
7536640,0,0.8597,0,1
7538688,0,0.6927,0,1
7540736,0,0.8597,0,1
7542784,0,0.85925,0,1
7544832,0,0.8597,0,1
7546880,0,0.8591,0,1
7548928,0,,,
7550976,0,0.8597,0,1
7553024,0,0.85945,0,1
7555072,0,,,
7557120,0,0.8714,0,1
7559168,0,0.8597,0,1
7561216,0,0.85945,0,1
7563264,0,0.6864,0,1
7565312,0,0.85945,0,1
7567360,0,0.4776,0,0.666667
7569408,0,0.4629,0,0.666667
7571456,0,0.8627,0,1
7573504,0,0.8227,0,1
7575552,0,0.7126,0,1
7577600,0,0.7104,0,1
7579648,0,0.7597,0,1
7581696,0,0.754633,0,1
7583744,0,0.9906,0,1
7585792,0,0.8384,0,1
7587840,0,0.7616,0,1
7589888,0,0.8597,0,1
7591936,0,0.8597,0,1
7593984,0,0.7188,0,1
7596032,0,0.702825,0,1
7598080,0,0.7317,0,1
7600128,0,,,
7602176,0,0.76656,0,1
7604224,0,0.7128,0,1
7606272,0,0.62476,0,0.8
7608320,0,,,
7610368,0,0.782443,0,1
7612416,0,0.9172,0,1
7614464,0,0.5496,0,0.5
7616512,0,0.85936,0,1
7618560,0,,,
7620608,0,0.744333,0,1
7622656,0,0.8597,0,1
7624704,0,0.8069,0,1
7626752,0,0.7532,0,1
7628800,0,0.7741,0,1
7630848,0,0.7842,0,1
7632896,0,0.680525,0,1
7634944,0,0.6034,0,1
7636992,0,0.71215,0,1
7639040,0,0.8597,0,1
7641088,0,0.769667,0,1
7643136,0,0.645725,0,1
7645184,0,0.395,0,0.5
7647232,0,0.646533,0,1
7649280,0,0.75665,0,1
7651328,0,0.8597,0,1
7653376,0,0.578233,0,0.666667
7655424,0,0.818425,0,1
7657472,0,0.5096,0,0.5
7659520,0,0.752257,0,1
7661568,0,,,
7663616,0,0.5655,0,1
7665664,0,0.838775,0,1
7667712,0,0.8597,0,1
7669760,0,0.8713,0,1
7671808,0,0.8633,0,1
7673856,0,0.8597,0,1
7675904,0,0.8312,0,1
7677952,0,,,
7680000,0,0.84775,0,1
7682048,0,0.78645,0,1
7684096,0,0.89,0,1
7686144,0,0.751625,0,1
7688192,0,0.859267,0,1
7690240,0,0.74104,0,1
7692288,0,0.8597,0,1
7694336,0,0.8627,0,1
7696384,0,0.40275,0,0.5
7698432,0,0.8597,0,1
7700480,0,0.8591,0,1
7702528,0,0.6675,0,1
7704576,0,0.629633,0,1
7706624,0,0.8597,0,1
7708672,0,0.90305,0,1
7710720,0,0.62905,0,0.75
7712768,0,0.68705,0,1
7714816,0,0.86465,0,1
7716864,0,0.78655,0,1
7718912,0,0.8597,0,1
7720960,0,0.5983,0,0.666667
7723008,0,0.7131,0,1
7725056,0,0.853133,0,1
7727104,0,0.805233,0,1
7729152,0,0.54705,0,1
7731200,0,0.79268,0,1
7733248,0,0.7189,0,1
7735296,0,0.4509,0,0.666667
7737344,0,0.862433,0,1
7739392,0,0.7715,0,1
7741440,0,0.537333,0,0.666667
7743488,0,0.70875,0,1
7745536,0,0.761967,0,1
7747584,0,0.789175,0,1
7749632,0,0.5578,0,1
7751680,0,0.8586,0,1
7753728,0,0.85945,0,1
7755776,0,0.85945,0,1
7757824,0,0.705075,0,0.75
7759872,0,0.8597,0,1
7761920,0,0.840833,0,1
7763968,0,0.651867,0,0.666667
7766016,0,0.7135,0,1
7768064,0,0.7866,0,1
7770112,0,0.858667,0,1
7772160,0,0.7814,0,1
7774208,0,0.850533,0,1
7776256,0,0.85925,0,1
7778304,0,0.8597,0,1
7780352,0,0.7796,0,1
7782400,0,0.786675,0,1
7784448,0,0.48175,0,0.5
7786496,0,0.84435,0,1
7788544,0,0.748667,0,1
7790592,0,0.76885,0,1
7792640,0,0.8597,0,1
7794688,0,0.8604,0,1
7796736,0,0.859533,0,1
7798784,0,0.8597,0,1
7800832,0,0.859275,0,1
7802880,0,0.8597,0,1
7804928,0,0.8597,0,1
7806976,0,0.791275,0,1
7809024,0,0.72465,0,1
7811072,0,0.3644,0,1
7813120,0,0.71295,0,1
7815168,0,0.859533,0,1
7817216,0,0.6985,0,1
7819264,0,0.85925,0,1
7821312,0,0.8598,0,1
7823360,0,0.840417,0,1
7825408,0,0.765133,0,1
7827456,0,0.4869,0,1
7829504,0,0.821925,0,1
7831552,0,0.8651,0,1
7833600,0,0.707225,0,1
7835648,0,0.859933,0,1
7837696,0,,,
7839744,0,0.8597,0,1
7841792,0,0.6493,0,0.666667
7843840,0,0.859533,0,1
7845888,0,0.6758,0,1
7847936,0,0.8597,0,1
7849984,0,0.67075,0,1
7852032,0,0.81445,0,1
7854080,0,,,
7856128,0,0.8597,0,1
7858176,0,0.90794,0,1
7860224,0,0.78465,0,1
7862272,0,0.7414,0,1
7864320,0,0.9409,0,1
7866368,0,0.875767,0,1
7868416,0,0.8482,0,1
7870464,0,0.8597,0,1
7872512,0,0.86,0,1
7874560,0,0.690333,0,1
7876608,0,,,
7878656,0,0.8597,0,1
7880704,0,0.8697,0,1
7882752,0,0.783233,0,1
7884800,0,0.85945,0,1
7886848,0,0.5498,0,1
7888896,0,0.663483,0,0.833333
7890944,0,,,
7892992,0,0.861975,0,1
7895040,0,0.6139,0,1
7897088,0,0.705367,0,1
7899136,0,0.801883,0,1
7901184,0,0.2365,0,0
7903232,0,0.834575,0,1
7905280,0,0.8597,0,1
7907328,0,0.712225,0,1
7909376,0,0.73815,0,1
7911424,0,0.870533,0,1
7913472,0,0.798967,0,1
7915520,0,0.82586,0,1
7917568,0,0.895,0,1
7919616,0,0.6647,0,1
7921664,0,0.8306,0,1
7923712,0,0.72995,0,1
7925760,0,0.8597,0,1
7927808,0,0.908525,0,1
7929856,0.01,0.86342,0.2,1
7931904,0.01,0.637125,0,1
7933952,0.01,0.92475,0,1
7936000,0.01,0.732433,0,1
7938048,0.01,0.7969,0,1
7940096,0.01,0.7695,0,1
7942144,0.01,0.7889,0,1
7944192,0.01,0.698825,0,0.75
7946240,0.01,0.8253,0,1
7948288,0.01,0.8125,0,1
7950336,0.01,0.816725,0,1
7952384,0.01,0.79435,0,1
7954432,0.01,0.7228,0,1
7956480,0.01,,,
7958528,0.01,0.91455,0,1
7960576,0.01,0.871733,0,1
7962624,0.01,0.83172,0,1
7964672,0.01,0.8797,0,1
7966720,0.01,0.8679,0,1
7968768,0.01,0.78155,0,1
7970816,0.01,0.823225,0,1
7972864,0.01,0.789675,0,1
7974912,0.01,0.698933,0,1
7976960,0.01,0.8597,0,1
7979008,0.01,0.821867,0,1
7981056,0.01,0.8597,0,1
7983104,0.01,0.874233,0,1
7985152,0.01,0.891533,0,1
7987200,0.01,0.71365,0,1
7989248,0.01,0.81355,0,1
7991296,0.01,0.60455,0,1
7993344,0.01,0.72775,0,1
7995392,0,0.867933,0,1
7997440,0,0.78978,0,1
7999488,0,0.746067,0,1
8001536,0,0.6476,0,1
8003584,0,0.8397,0,1
8005632,0,0.625967,0,0.666667
8007680,0,0.8596,0,1
8009728,0,0.841733,0,1
8011776,0,0.63835,0,1
8013824,0,0.797,0,1
8015872,0,0.89816,0,1
8017920,0,0.781825,0,1
8019968,0,0.874067,0,1
8022016,0,0.8597,0,1
8024064,0,0.88836,0,1
8026112,0,0.792933,0,1
8028160,0,0.81885,0,1
8030208,0,0.71958,0,0.8
8032256,0,0.854,0,1
8034304,0.01,0.85498,0.2,1
8036352,0.02,0.89675,0.5,1
8038400,0.02,0.77086,0,1
8040448,0.02,0.9516,0,1
8042496,0.02,0.81218,0,1
8044544,0.02,0.8765,0,1
8046592,0.02,0.781433,0,1
8048640,0.02,0.8944,0,1
8050688,0.02,0.7699,0,0.8
8052736,0.02,0.52125,0,0.5
8054784,0.02,0.902633,0,1
8056832,0.03,0.956133,0.333333,1
8058880,0.03,0.8423,0,1
8060928,0.03,0.80904,0,1
8062976,0.03,0.9928,0,1
8065024,0.05,0.93668,0.4,1
8067072,0.05,0.7699,0,1
8069120,0.05,0.71755,0,1
8071168,0.05,0.660167,0,1
8073216,0.05,0.858667,0,1
8075264,0.05,0.712625,0,1
8077312,0.05,0.808975,0,1
8079360,0.05,0.58815,0,1
8081408,0.05,0.790475,0,1
8083456,0.05,0.701767,0,1
8085504,0.05,0.721033,0,1
8087552,0.06,0.76516,0.2,1
8089600,0.06,0.7089,0,1
8091648,0.06,0.723825,0,1
8093696,0.06,0.92985,0.5,1
8095744,0.05,0.883667,0,1
8097792,0.05,0.7415,0,1
8099840,0.05,0.494567,0,0.666667
8101888,0.05,0.983675,0,1
8103936,0.05,0.82384,0,1
8105984,0.05,0.625025,0,1
8108032,0.05,0.7839,0,1
8110080,0.05,0.778,0,1
8112128,0.05,0.745567,0,1
8114176,0.05,0.93634,0.2,1
8116224,0.05,0.642033,0,1
8118272,0.05,0.800667,0,1
8120320,0.06,0.6202,0.5,0.5
8122368,0.04,0.852383,0,1
8124416,0.04,0.66615,0,1
8126464,0.04,0.695767,0,0.666667
8128512,0.04,0.5671,0,0.5
8130560,0.04,0.803367,0,1
8132608,0.04,0.6263,0,1
8134656,0.04,0.92555,0,1
8136704,0.04,0.89224,0,1
8138752,0.04,0.6609,0,1
8140800,0.04,0.8428,0,1
8142848,0.04,0.6489,0,1
8144896,0.04,0.9179,0.166667,1
8146944,0.04,0.68825,0,1
8148992,0.04,0.64558,0,0.8
8151040,0.03,0.666667,0,0.666667
8153088,0.03,0.8174,0,1
8155136,0.03,0.7863,0,1
8157184,0.03,0.572133,0,0.666667
8159232,0.03,0.7677,0,1
8161280,0.03,0.823067,0,1
8163328,0.03,0.67875,0,1
8165376,0.04,0.86486,0.2,1
8167424,0.04,0.6994,0,1
8169472,0.03,0.8731,0,1
8171520,0.03,0.924625,0,1
8173568,0.03,0.78385,0,1
8175616,0.03,0.8996,0,1
8177664,0.02,0.87518,0,1
8179712,0.02,0.677367,0,1
8181760,0.02,0.795975,0,1
8183808,0.02,0.75788,0,1
8185856,0.02,0.8597,0,1
8187904,0.02,0.899533,0,1
8189952,0.02,0.8597,0,1
8192000,0.02,0.791283,0,1
8194048,0.02,0.7075,0,1
8196096,0.03,0.736667,0.166667,1
8198144,0.03,0.9085,0,1
8200192,0.02,0.811988,0,1
8202240,0.02,,,
8204288,0.02,0.7023,0,1
8206336,0.02,0.804583,0,1
8208384,0.02,0.69295,0,1
8210432,0.04,0.923883,0.333333,1
8212480,0.05,0.92985,0.5,1
8214528,0.05,0.8597,0,1
8216576,0.05,0.729157,0,0.714286
8218624,0.05,0.5106,0,0.666667
8220672,0.04,0.798667,0,1
8222720,0.05,0.778167,0.166667,0.833333
8224768,0.05,0.7131,0,1
8226816,0.05,0.82238,0,1
8228864,0.05,0.7529,0,1
8230912,0.05,0.891175,0,1
8232960,0.06,0.99195,0.5,1
8235008,0.07,0.90365,0.25,1
8237056,0.07,0.82775,0,1
8239104,0.07,0.9385,0,1
8241152,0.08,0.839433,0.166667,0.833333
8243200,0.08,0.6436,0,1
8245248,0.1,0.904833,0.333333,1
8247296,0.1,0.5664,0,1
8249344,0.1,0.764071,0,0.857143
8251392,0.09,0.642633,0,0.666667
8253440,0.09,,,
8255488,0.09,0.9231,0,1
8257536,0.09,0.973367,0,1
8259584,0.09,0.87485,0,1
8261632,0.09,0.726125,0,1
8263680,0.09,0.46776,0,0.6
8265728,0.1,0.943633,0.333333,1
8267776,0.08,0.8668,0,1
8269824,0.07,0.95866,0,1
8271872,0.07,0.7764,0,1
8273920,0.07,0.878333,0,1
8275968,0.07,0.9573,0,1
8278016,0.06,0.893067,0,1
8280064,0.06,0.8597,0,1
8282112,0.06,0.83805,0,1
8284160,0.06,0.9886,0,1
8286208,0.06,0.871033,0,1
8288256,0.07,0.869433,0.333333,1
8290304,0.05,0.84055,0,1
8292352,0.06,0.953233,0.333333,1
8294400,0.06,0.9608,0,1
8296448,0.06,0.88265,0,1
8298496,0.05,0.9049,0,1
8300544,0.05,0.884567,0,1
8302592,0.03,0.89365,0,1
8304640,0.03,0.852775,0,1
8306688,0.03,0.842,0,1
8308736,0.03,0.96555,0,1
8310784,0.04,0.787886,0.142857,1
8312832,0.04,0.5669,0,1
8314880,0.06,0.90578,0.4,1
8316928,0.06,0.9085,0,1
8318976,0.07,0.93485,0.25,1
8321024,0.08,0.97865,0.5,1
8323072,0.07,0.87872,0,1
8325120,0.07,0.9732,0,1
8327168,0.07,0.89648,0,1
8329216,0.07,0.79195,0,1
8331264,0.07,0.90115,0,1
8333312,0.08,0.8794,0.5,1
8335360,0.08,0.821,0,1
8337408,0.08,0.77344,0,1
8339456,0.08,0.87835,0,1
8341504,0.08,0.875,0,1
8343552,0.08,0.7944,0,1
8345600,0.08,0.86325,0,1
8347648,0.07,0.8235,0,1
8349696,0.08,0.939,0.333333,1
8351744,0.07,0.922633,0,1
8353792,0.07,0.881125,0,1
8355840,0.07,0.9787,0,1
8357888,0.08,0.92922,0.2,1
8359936,0.08,0.882733,0,1
8361984,0.08,0.696633,0,0.666667
8364032,0.08,0.908375,0,1
8366080,0.09,0.8745,0.25,1
8368128,0.09,0.58588,0,0.8
8370176,0.08,0.854325,0,1
8372224,0.1,0.98555,0.5,1
8374272,0.08,0.94995,0,1
8376320,0.08,0.57485,0,1
8378368,0.08,0.9456,0.4,1
8380416,0.08,0.9219,0,1
8382464,0.08,0.9695,0,1
8384512,0.08,0.86014,0,1
8386560,0.08,0.74075,0,1
8388608,0.07,0.8948,0,1
8390656,0.07,0.908933,0,1
8392704,0.07,0.9553,0,1
8394752,0.08,0.93442,0.2,1
8396800,0.08,0.9036,0,1
8398848,0.08,0.8766,0,1
8400896,0.08,0.868717,0,1
8402944,0.07,0.66175,0,1
8404992,0.07,0.956967,0,1
8407040,0.07,0.67995,0,1
8409088,0.07,0.77522,0,1
8411136,0.07,0.891433,0.333333,1
8413184,0.08,0.974625,0.25,1
8415232,0.08,0.86405,0,1
8417280,0.09,0.891633,0.333333,1
8419328,0.09,0.9535,0.25,1
8421376,0.09,0.9139,0,1
8423424,0.1,0.904825,0.25,1
8425472,0.12,0.987375,0.5,1
8427520,0.1,0.871975,0,1
8429568,0.1,0.97935,0,1
8431616,0.1,0.8037,0,1
8433664,0.09,0.89766,0.2,1
8435712,0.11,0.905875,0.5,1
8437760,0.11,0.84915,0,1
8439808,0.12,0.949467,0.333333,1
8441856,0.12,0.9223,0,1
8443904,0.12,0.930075,0,1
8445952,0.12,0.8485,0,1
8448000,0.13,0.9618,0.25,1
8450048,0.14,0.893025,0.5,1
8452096,0.14,0.911467,0,1
8454144,0.15,0.98265,0.25,1
8456192,0.15,0.89226,0,1
8458240,0.15,0.69095,0,0.75
8460288,0.15,0.859,0,1
8462336,0.17,0.96086,0.4,1
8464384,0.17,0.835133,0,1
8466432,0.16,0.96515,0,1
8468480,0.15,0.824775,0,1
8470528,0.16,0.966875,0.25,1
8472576,0.15,0.9914,0,1
8474624,0.14,0.95718,0,1
8476672,0.15,0.79635,0.25,0.75
8478720,0.16,0.882833,0.666667,1
8480768,0.14,0.73262,0,0.8
8482816,0.14,0.798133,0,1
8484864,0.17,0.9633,0.6,1
8486912,0.17,0.9494,0,1
8488960,0.16,0.860667,0.166667,1
8491008,0.16,0.9939,0,1
8493056,0.17,0.9094,0.333333,1
8495104,0.17,0.9958,0.5,1
8497152,0.17,0.947233,0,1
8499200,0.17,0.9813,0,1
8501248,0.17,0.769533,0,1
8503296,0.16,0.577925,0,0.75
8505344,0.15,0.70506,0.2,0.8
8507392,0.15,0.90175,0,1
8509440,0.15,0.96325,0.166667,1
8511488,0.15,0.78725,0,1
8513536,0.16,0.967975,0.25,1
8515584,0.16,0.9733,0,1
8517632,0.16,0.78345,0.5,1
8519680,0.16,0.97585,0.25,1
8521728,0.16,0.92194,0,1
8523776,0.17,0.778933,0.333333,1
8525824,0.18,0.987225,0.5,1
8527872,0.19,0.9828,0.333333,1
8529920,0.19,0.914475,0,1
8531968,0.19,0.9902,0,1
8534016,0.19,0.98865,0.5,1
8536064,0.18,0.96885,0.25,1
8538112,0.19,0.8499,0.333333,1
8540160,0.2,0.86942,0.4,1
8542208,0.19,0.855767,0.333333,1
8544256,0.19,0.75872,0,0.8
8546304,0.2,0.72552,0.4,0.8
8548352,0.19,0.693,0,0.666667
8550400,0.18,0.94148,0.2,1
8552448,0.18,0.76965,0,1
8554496,0.2,0.98766,0.4,1
8556544,0.2,0.84065,0,1
8558592,0.22,0.9812,0.5,1
8560640,0.23,0.99465,0.5,1
8562688,0.26,0.99785,0.75,1
8564736,0.25,0.669225,0,1
8566784,0.24,0.68868,0,0.8
8568832,0.25,0.9344,0.25,1
8570880,0.26,0.985767,0.666667,1
8572928,0.26,0.994,0.333333,1
8574976,0.27,0.87866,0.2,1
8577024,0.29,0.985767,0.666667,1
8579072,0.26,0.8966,0,1
8581120,0.26,0.56785,0,0.5
8583168,0.25,0.885971,0,1
8585216,0.25,0.807767,0,1
8587264,0.27,0.9345,0.6,1
8589312,0.27,0.880733,0.333333,1
8591360,0.26,0.88085,0,1
8593408,0.24,0.853833,0,1
8595456,0.26,0.989325,0.75,1
8597504,0.25,0.735,0.142857,0.857143
8599552,0.25,0.740733,0,1
8601600,0.25,0.5524,0,0.5
8603648,0.24,0.913325,0,1
8605696,0.25,0.996733,0.333333,1
8607744,0.25,0.95924,0.4,1
8609792,0.27,0.833833,0.666667,1
8611840,0.27,0.98974,0.6,1
8613888,0.26,0.59885,0,0.5
8615936,0.27,0.991583,0.666667,1
8617984,0.28,0.88175,0.5,1
8620032,0.31,0.96675,0.5,1
8622080,0.31,0.852367,0.333333,1
8624128,0.31,0.8579,0.5,1
8626176,0.29,0.988275,0,1
8628224,0.3,0.99005,0.5,1
8630272,0.31,1,1,1
8632320,0.34,0.95982,0.6,1
8634368,0.36,1,0.666667,1
8636416,0.37,0.90976,0.2,1
8638464,0.39,0.997967,0.666667,1
8640512,0.36,0.86868,0,1
8642560,0.37,0.91785,0.5,1
8644608,0.37,0.942733,0,1
8646656,0.36,0.942625,0,1
8648704,0.35,0.97345,0,1
8650752,0.36,0.907525,0.5,1
8652800,0.37,0.95855,0.5,1
8654848,0.41,1,1,1
8656896,0.41,0.994333,0,1
8658944,0.41,0.9865,0.25,1
8660992,0.41,0.86974,0.4,1
8663040,0.37,0.741833,0,1
8665088,0.37,0.9669,0,1
8667136,0.39,0.970233,0.666667,1
8669184,0.38,0.6971,0.333333,0.666667
8671232,0.37,0.961925,0.5,1
8673280,0.38,0.953233,0.666667,1
8675328,0.39,1,0.666667,1
8677376,0.4,0.91006,0.6,1
8679424,0.39,0.97565,0,1
8681472,0.4,0.93366,0.4,1
8683520,0.39,0.86036,0.4,1
8685568,0.37,0.9877,0,1
8687616,0.36,0.88725,0.5,1
8689664,0.39,0.91814,0.8,1
8691712,0.38,0.989,0,1
8693760,0.41,0.998983,0.666667,1
8695808,0.41,0.80125,0.5,1
8697856,0.41,0.9966,0,1
8699904,0.43,0.95882,0.4,1
8701952,0.44,0.93675,0.5,1
8704000,0.44,0.9888,0.333333,1
8706048,0.43,0.99552,0.6,1
8708096,0.42,0.98785,0.5,1
8710144,0.43,0.9878,0.5,1
8712192,0.44,0.9789,0.25,1
8714240,0.45,0.9118,0.6,1
8716288,0.45,0.969033,0,1
8718336,0.45,0.88718,0.2,1
8720384,0.44,0.97415,0,1
8722432,0.42,0.9936,0.333333,1
8724480,0.43,0.99645,0.5,1
8726528,0.41,0.93062,0.2,1
8728576,0.4,0.7058,0.333333,0.666667
8730624,0.37,0.868075,0,1
8732672,0.39,0.99645,0.75,1
8734720,0.39,0.960367,0.333333,1
8736768,0.4,0.99242,0.6,1
8738816,0.42,1,1,1
8740864,0.43,0.983067,0.333333,1
8742912,0.42,0.97805,0.5,1
8744960,0.41,0.993067,0.333333,1
8747008,0.43,0.924183,0.666667,1
8749056,0.43,1,1,1
8751104,0.42,0.958675,0.25,1
8753152,0.41,0.89548,0.2,1
8755200,0.42,0.9964,0.5,1
8757248,0.41,0.9629,0.333333,1
8759296,0.41,,,
8761344,0.41,0.97392,0.6,1
8763392,0.4,1,0.333333,1
8765440,0.38,0.941,0,1
8767488,0.37,0.8662,0,1
8769536,0.36,0.992067,0.333333,1
8771584,0.36,0.973625,0.25,1
8773632,0.35,0.667875,0,0.75
8775680,0.36,0.973867,0.333333,1
8777728,0.36,0.98736,0.4,1
8779776,0.36,1,0.5,1
8781824,0.36,0.8465,0.2,1
8783872,0.37,0.822275,0.5,1
8785920,0.37,0.74858,0.2,0.8
8787968,0.34,0.80116,0,1
8790016,0.33,0.890075,0.5,1
8792064,0.32,0.84524,0.2,1
8794112,0.32,0.9872,0.333333,1
8796160,0.31,0.892467,0.333333,1
8798208,0.29,0.6975,0.2,0.8
8800256,0.27,0.904975,0,1
8802304,0.25,0.774775,0.25,0.75
8804352,0.27,1,0.666667,1
8806400,0.28,0.99328,0.4,1
8808448,0.27,0.99695,0.5,1
8810496,0.29,0.993,0.75,1
8812544,0.28,0.935967,0.333333,1
8814592,0.29,0.776025,0.75,0.75
8816640,0.29,0.924467,0,1
8818688,0.32,1,1,1
8820736,0.35,0.80965,0.75,0.75
8822784,0.35,0.75844,0.2,0.8
8824832,0.36,0.9936,0.666667,1
8826880,0.38,0.991025,0.5,1
8828928,0.38,0.950625,0.25,1
8830976,0.39,0.953233,0.666667,1
8833024,0.37,0.958375,0.25,1
8835072,0.38,0.9904,0.333333,1
8837120,0.36,0.888225,0,1
8839168,0.36,0.6579,0.2,0.6
8841216,0.39,1,1,1
8843264,0.38,0.8046,0,1
8845312,0.38,0.97865,0,1
8847360,0.39,0.968275,0.75,1
8849408,0.41,0.774775,0.75,0.75
8851456,0.43,0.989325,0.75,1
8853504,0.43,0.923,0.2,1
8855552,0.45,1,0.666667,1
8857600,0.47,0.9997,0.666667,1
8859648,0.45,0.992267,0,1
8861696,0.44,0.9115,0,1
8863744,0.46,0.99198,0.8,1
8865792,0.44,0.689525,0,0.75
8867840,0.42,0.84275,0,1
8869888,0.41,0.92015,0.25,1
8871936,0.4,0.949833,0.333333,1
8873984,0.41,0.95015,0.5,1
8876032,0.4,0.852533,0.666667,1
8878080,0.41,0.998475,0.75,1
8880128,0.4,0.7048,0,0.8
8882176,0.36,0.805325,0,1
8884224,0.36,0.777933,0,1
8886272,0.34,0.96796,0.2,1
8888320,0.34,0.875467,0.333333,1
8890368,0.33,0.76085,0,0.75
8892416,0.34,0.933567,0.333333,1
8894464,0.35,0.78166,0.4,0.8
8896512,0.35,0.9902,0,1
8898560,0.34,0.907586,0.285714,1
8900608,0.35,0.8205,0.5,1
8902656,0.34,0.98762,0.6,1
8904704,0.33,0.827233,0.333333,1
8906752,0.31,0.82535,0.25,1
8908800,0.33,1,1,1
8910848,0.33,0.75294,0.4,0.8
8912896,0.33,0.72048,0.6,0.8
8914944,0.33,0.53065,0,1
8916992,0.35,0.99875,0.833333,1
8919040,0.36,1,1,1
8921088,0.37,0.941725,0.25,1
8923136,0.37,0.87685,0.25,1
8925184,0.39,0.994975,0.75,1
8927232,0.38,0.9549,0.333333,1
8929280,0.37,0.7995,0.4,0.8
8931328,0.37,0.993933,0.666667,1
8933376,0.38,0.98845,0.25,1
8935424,0.41,0.8101,0.75,0.75
8937472,0.45,1,1,1
8939520,0.45,0.972167,0,1
8941568,0.46,0.986633,0.666667,1
8943616,0.47,0.918267,0.333333,1
8945664,0.47,0.952933,0.333333,1
8947712,0.49,0.9834,0.75,1
8949760,0.49,0.99325,0.5,1
8951808,0.51,0.996675,0.5,1
8953856,0.52,0.995733,0.666667,1
8955904,0.51,0.86066,0.4,1
8957952,0.52,1,1,1
8960000,0.53,0.98414,0.4,1
8962048,0.52,0.705333,0.333333,1
8964096,0.53,0.96964,0.6,1
8966144,0.53,0.955125,0.5,1
8968192,0.54,0.995325,0.75,1
8970240,0.54,0.9442,0.666667,1
8972288,0.51,0.817575,0.25,1
8974336,0.49,0.9766,0,1
8976384,0.52,1,1,1
8978432,0.53,0.84646,0.6,0.8
8980480,0.53,0.8103,0.75,0.75
8982528,0.53,0.984667,0,1
8984576,0.53,0.922617,0.666667,1
8986624,0.52,0.797567,0,1
8988672,0.53,0.953067,0.666667,1
8990720,0.51,0.9807,0,1
8992768,0.51,0.9869,0.666667,1
8994816,0.5,0.919,0.333333,1
8996864,0.51,0.994967,0.666667,1
8998912,0.52,0.97665,0.5,1
9000960,0.51,0.910825,0.25,1
9003008,0.49,0.75852,0.2,1
9005056,0.48,0.99085,0.5,1
9007104,0.49,0.93544,0.6,1
9009152,0.5,0.9875,0.666667,1
9011200,0.49,0.99624,0.6,1
9013248,0.5,0.8627,0.5,1
9015296,0.5,1,1,1
9017344,0.51,0.99105,0.666667,1
9019392,0.49,0.6522,0,1
9021440,0.49,0.96692,0.6,1
9023488,0.48,0.9874,0,1
9025536,0.47,0.855175,0.25,1
9027584,0.49,0.939875,0.5,1
9029632,0.47,0.9961,0.5,1
9031680,0.47,0.949633,0.333333,1
9033728,0.45,0.9605,0.5,1
9035776,0.47,0.9939,0.666667,1
9037824,0.48,0.9953,0.6,1
9039872,0.48,1,1,1
9041920,0.49,0.88012,0.4,1
9043968,0.46,0.88132,0,1
9046016,0.47,0.844533,0.666667,1
9048064,0.47,0.90785,0.75,1
9050112,0.47,0.876575,0.5,1
9052160,0.47,0.9748,0.333333,1
9054208,0.47,0.9836,0.5,1
9056256,0.48,0.79042,0.4,0.8
9058304,0.49,1,1,1
9060352,0.49,0.8808,0.4,1
9062400,0.48,0.9925,0,1
9064448,0.48,0.99082,0.6,1
9066496,0.47,0.9849,0,1
9068544,0.46,0.96218,0.4,1
9070592,0.44,0.84105,0,1
9072640,0.43,0.874267,0.333333,1
9074688,0.42,0.90548,0.4,1
9076736,0.44,0.985767,0.666667,1
9078784,0.44,0.96308,0.6,1
9080832,0.45,0.907225,0.5,1
9082880,0.46,0.913833,0.666667,1
9084928,0.47,0.869533,0.5,1
9086976,0.45,0.9257,0,1
9089024,0.47,0.970467,0.666667,1
9091072,0.47,0.9046,0.5,1
9093120,0.48,0.929871,0.857143,1
9095168,0.47,0.8496,0,1
9097216,0.48,0.924533,0.333333,1
9099264,0.49,0.8399,0.5,1
9101312,0.47,0.927443,0.428571,1
9103360,0.47,0.9672,0,1
9105408,0.47,0.900971,0.428571,1
9107456,0.45,0.63532,0,1
9109504,0.46,1,1,1
9111552,0.45,0.80054,0.4,1
9113600,0.45,0.737633,0.333333,1
9115648,0.44,0.82224,0.2,1
9117696,0.43,0.8413,0,1
9119744,0.45,0.97176,0.6,1
9121792,0.47,1,1,1
9123840,0.47,0.94238,0.4,1
9125888,0.48,1,1,1
9127936,0.47,0.923567,0.333333,1
9129984,0.46,0.9599,0,1
9132032,0.46,0.9471,0.6,1
9134080,0.44,0.97785,0.25,1
9136128,0.46,0.86106,0.6,1
9138176,0.43,0.880975,0,1
9140224,0.44,0.953233,0.666667,1
9142272,0.41,0.90504,0.2,1
9144320,0.41,0.935675,0.75,1
9146368,0.4,0.7021,0,1
9148416,0.39,0.82686,0,1
9150464,0.38,0.95965,0.5,1
9152512,0.39,0.9195,0.5,1
9154560,0.38,0.9737,0,1
9156608,0.39,0.927275,0.5,1
9158656,0.39,0.92466,0.2,1
9160704,0.37,0.889983,0.333333,1
9162752,0.37,0.9416,0,1
9164800,0.36,0.901433,0.333333,1
9166848,0.38,0.96668,0.6,1
9168896,0.39,0.79145,0.25,1
9170944,0.39,0.9917,0.5,1
9172992,0.4,0.989325,0.75,1
9175040,0.4,1,1,1
9177088,0.4,0.90558,0.6,1
9179136,0.39,0.989933,0.333333,1
9181184,0.4,0.989325,0.75,1
9183232,0.42,0.8991,0.8,1
9185280,0.41,0.789125,0,1
9187328,0.41,0.89834,0.4,1
9189376,0.41,0.907425,0.5,1
9191424,0.42,0.80534,0.4,1
9193472,0.41,0.9744,0,1
9195520,0.42,0.9973,0.666667,1
9197568,0.4,0.873217,0.166667,1
9199616,0.41,0.83785,0.5,1
9201664,0.42,0.867967,0.333333,1
9203712,0.41,0.744,0,1
9205760,0.42,0.907857,0.428571,1
9207808,0.41,0.85805,0,1
9209856,0.42,0.86126,0.4,1
9211904,0.42,0.84064,0.4,1
9213952,0.44,0.74532,0.6,0.8
9216000,0.42,0.72168,0.2,1
9218048,0.42,0.89215,0.5,1
9220096,0.43,0.8586,0.333333,1
9222144,0.42,0.899367,0.5,1
9224192,0.4,0.7923,0.333333,1
9226240,0.4,0.9099,0.4,1
9228288,0.39,0.992833,0.333333,1
9230336,0.38,0.98772,0.6,1
9232384,0.37,0.82036,0.2,1
9234432,0.37,0.803975,0.25,1
9236480,0.36,0.7521,0,1
9238528,0.35,0.845967,0.333333,1
9240576,0.38,1,1,1
9242624,0.38,0.781875,0.25,1
9244672,0.39,0.8899,0.5,1
9246720,0.39,0.910367,0.333333,1
9248768,0.39,0.9756,0,1
9250816,0.39,0.924017,0.5,1
9252864,0.41,0.9117,0.666667,1
9254912,0.43,1,1,1
9256960,0.44,0.99395,0.5,1
9259008,0.44,0.9455,0.4,1
9261056,0.45,0.91988,0.6,1
9263104,0.44,0.99265,0,1
9265152,0.44,0.81168,0.4,1
9267200,0.45,0.93225,0.5,1
9269248,0.45,0.8618,0.5,1
9271296,0.46,0.988533,0.666667,1
9273344,0.46,0.953967,0.5,1
9275392,0.46,0.6937,0.5,1
9277440,0.46,0.9194,0.333333,1
9279488,0.47,0.8728,0.666667,1
9281536,0.48,0.998125,0.75,1
9283584,0.48,0.885375,0.5,1
9285632,0.49,0.946267,0.333333,1
9287680,0.5,0.83712,0.4,1
9289728,0.51,0.801475,0.5,1
9291776,0.52,1,1,1
9293824,0.52,0.84985,0.666667,0.833333
9295872,0.51,0.9247,0,1
9297920,0.52,0.85052,0.6,1
9299968,0.55,1,1,1
9302016,0.56,0.90022,0.8,1
9304064,0.57,0.906567,0.666667,1
9306112,0.56,0.995733,0.666667,1
9308160,0.54,0.68692,0.4,0.8
9310208,0.54,0.870925,0.5,1
9312256,0.52,0.786033,0,1
9314304,0.53,0.9975,0.666667,1
9316352,0.54,0.802033,0.333333,1
9318400,0.53,0.6415,0.333333,0.666667
9320448,0.56,1,1,1
9322496,0.55,0.939133,0.333333,1
9324544,0.55,0.99864,0.8,1
9326592,0.55,0.850767,0.333333,1
9328640,0.57,0.9091,0.8,1
9330688,0.58,0.997733,0.666667,1
9332736,0.59,0.9978,0.8,1
9334784,0.59,0.86365,0.5,1
9336832,0.61,1,1,1
9338880,0.61,0.876125,0.5,1
9340928,0.61,0.91755,0.5,1
9342976,0.59,0.735775,0.25,0.75
9345024,0.58,0.863775,0.5,1
9347072,0.58,0.921267,0.333333,1
9349120,0.57,0.834875,0,1
9351168,0.54,0.704325,0.25,0.75
9353216,0.52,0.5804,0.25,0.75
9355264,0.51,0.894525,0.5,1
9357312,0.52,0.99286,0.8,1
9359360,0.52,0.9781,0,1
9361408,0.52,0.970075,0.75,1
9363456,0.53,0.77806,0.4,0.8
9365504,0.53,0.9979,0.75,1
9367552,0.53,0.92875,0.5,1
9369600,0.54,0.71442,0.4,0.8
9371648,0.52,0.92958,0.4,1
9373696,0.54,1,1,1
9375744,0.52,0.99582,0.4,1
9377792,0.52,0.825,0.333333,1
9379840,0.53,1,1,1
9381888,0.53,0.855033,0.666667,1
9383936,0.51,0.97304,0.4,1
9385984,0.5,0.995867,0.666667,1
9388032,0.5,0.89742,0.6,1
9390080,0.49,0.931767,0.333333,1
9392128,0.5,0.99232,0.8,1
9394176,0.52,0.997733,0.666667,1
9396224,0.5,0.95676,0.2,1
9398272,0.51,0.8778,0.666667,1
9400320,0.53,0.960725,0.5,1
9402368,0.53,0.890567,0.333333,1
9404416,0.56,0.8493,0.666667,0.833333
9406464,0.56,0.8336,0.5,1
9408512,0.56,0.997825,0.75,1
9410560,0.57,0.952567,0.666667,1
9412608,0.57,0.91525,0.75,1
9414656,0.56,0.83338,0.2,1
9416704,0.55,0.997733,0.666667,1
9418752,0.55,0.925767,0.333333,1
9420800,0.55,0.88555,0.25,1
9422848,0.55,0.997967,0.666667,1
9424896,0.54,0.9969,0.6,1
9426944,0.53,0.893075,0,1
9428992,0.53,0.995367,0.666667,1
9431040,0.51,0.98282,0.6,1
9433088,0.5,0.9958,0.333333,1
9435136,0.53,1,1,1
9437184,0.53,0.890075,0.5,1
9439232,0.52,0.886675,0.5,1
9441280,0.54,1,1,1
9443328,0.53,0.91205,0.5,1
9445376,0.52,0.97865,0.5,1
9447424,0.53,0.996675,0.5,1
9449472,0.51,0.8332,0,1
9451520,0.51,0.90808,0.4,1
9453568,0.49,0.70874,0.2,0.8
9455616,0.5,0.99395,0.5,1
9457664,0.48,0.804567,0.333333,0.833333
9459712,0.45,0.527867,0,0.666667
9461760,0.46,1,1,1
9463808,0.46,0.99474,0.6,1
9465856,0.47,0.890825,0.5,1
9467904,0.48,0.996775,0.75,1
9469952,0.48,0.9966,0.5,1
9472000,0.5,0.996883,0.666667,1
9474048,0.49,0.886067,0,1
9476096,0.5,0.9925,0.8,1
9478144,0.52,1,1,1
9480192,0.53,0.8862,0.4,1
9482240,0.53,0.855633,0.666667,1
9484288,0.55,1,1,1
9486336,0.55,0.892767,0.666667,1
9488384,0.53,0.843625,0.5,1
9490432,0.55,0.95435,0.75,1
9492480,0.55,0.9987,0.75,1
9494528,0.55,0.99695,0.5,1
9496576,0.55,0.90736,0.6,1
9498624,0.54,0.958367,0.333333,1
9500672,0.56,0.92486,0.6,1
9502720,0.58,1,1,1
9504768,0.57,0.95136,0.2,1
9506816,0.57,0.335,0,0.5
9508864,0.58,0.931733,0.5,1
9510912,0.58,0.7831,0.5,1
9512960,0.6,0.985083,0.666667,1
9515008,0.6,1,1,1
9517056,0.59,0.84695,0.5,0.833333
9519104,0.6,1,1,1
9521152,0.59,0.932333,0.5,1
9523200,0.57,0.78168,0.2,1
9525248,0.56,0.9939,0,1
9527296,0.57,0.80508,0.4,0.8
9529344,0.56,0.892133,0.666667,1
9531392,0.56,0.960667,0.666667,1
9533440,0.54,0.82242,0.2,1
9535488,0.53,0.4796,0,0.5
9537536,0.51,0.995067,0.5,1
9539584,0.51,0.840233,0.666667,1
9541632,0.5,0.98466,0.6,1
9543680,0.5,0.958475,0.5,1
9545728,0.49,0.94272,0.6,1
9547776,0.5,0.7787,0.5,1
9549824,0.49,0.9982,0.75,1
9551872,0.51,0.998375,0.75,1
9553920,0.52,0.809486,0.714286,0.857143
9555968,0.52,0.99595,0.5,1
9558016,0.56,1,1,1
9560064,0.55,0.78255,0.5,1
9562112,0.56,0.93546,0.6,1
9564160,0.56,0.82965,0.5,1
9566208,0.54,0.906467,0.333333,1
9568256,0.54,0.8409,0.6,1
9570304,0.55,0.948,0.8,1
9572352,0.57,1,1,1
9574400,0.57,0.807733,0.333333,1
9576448,0.61,1,1,1
9578496,0.61,0.961725,0.5,1
9580544,0.62,1,1,1
9582592,0.64,0.9023,0.625,1
9584640,0.64,,,
9586688,0.68,0.999129,0.857143,1
9588736,0.68,1,1,1
9590784,0.67,0.958,0.5,1
9592832,0.66,0.981,0,1
9594880,0.68,0.997271,0.857143,1
9596928,0.68,,,
9598976,0.7,0.96065,0.75,1
9601024,0.69,0.906533,0.666667,1
9603072,0.71,1,1,1
9605120,0.68,0.938317,0.333333,1
9607168,0.68,,,
9609216,0.65,0.929286,0.428571,1
9611264,0.65,,,
9613312,0.66,0.935612,0.625,1
9615360,0.65,0.6878,0,1
9617408,0.67,0.878386,0.714286,1
9619456,0.65,0.813,0.333333,1
9621504,0.64,0.91674,0.6,1
9623552,0.64,0.920533,0.666667,1
9625600,0.64,0.988267,0.666667,1
9627648,0.66,1,1,1
9629696,0.64,0.869533,0.333333,1
9631744,0.65,0.859975,0.75,1
9633792,0.63,0.994275,0.25,1
9635840,0.62,0.938825,0.75,1
9637888,0.62,1,1,1
9639936,0.61,0.996775,0.5,1
9641984,0.61,1,0.666667,1
9644032,0.62,0.90766,0.6,1
9646080,0.63,1,1,1
9648128,0.62,0.99185,0.75,1
9650176,0.63,1,1,1
9652224,0.64,1,1,1
9654272,0.63,0.764025,0.5,0.75
9656320,0.6,0.84635,0,1
9658368,0.59,0.77116,0.4,1
9660416,0.6,0.8914,0.666667,1
9662464,0.61,0.9329,0.6,1
9664512,0.61,0.96395,0.5,1
9666560,0.64,1,1,1
9668608,0.61,0.8226,0.25,1
9670656,0.61,0.6275,0,1
9672704,0.61,0.92465,0.666667,1
9674752,0.6,0.729167,0.333333,1
9676800,0.61,0.96374,0.6,1
9678848,0.61,1,1,1
9680896,0.63,0.999129,0.857143,1
9682944,0.63,1,1,1
9684992,0.63,0.960171,0.714286,1
9687040,0.63,,,
9689088,0.65,1,1,1
9691136,0.65,0.971533,0.333333,1
9693184,0.65,0.960033,0.666667,1
9695232,0.64,0.9471,0.333333,1
9697280,0.64,0.92578,0.6,1
9699328,0.63,0.9782,0,1
9701376,0.62,0.992975,0.75,1
9703424,0.61,0.9936,0.333333,1
9705472,0.59,0.882267,0.666667,1
9707520,0.58,0.9744,0,1
9709568,0.59,1,1,1
9711616,0.62,0.943117,0.5,1
9713664,0.62,0.95565,0.5,1
9715712,0.64,0.9465,0.833333,1
9717760,0.64,1,1,1
9719808,0.63,0.997633,0.666667,1
9721856,0.62,0.90375,0.5,1
9723904,0.63,0.975317,0.5,1
9725952,0.63,1,1,1
9728000,0.67,1,1,1
9730048,0.67,0.895233,0.666667,1
9732096,0.65,0.73264,0.4,0.8
9734144,0.64,0.9959,0.5,1
9736192,0.61,0.976886,0.428571,1
9738240,0.62,1,1,1
9740288,0.62,0.93564,0.8,1
9742336,0.62,1,1,1
9744384,0.62,0.936175,0.5,1
9746432,0.62,1,0.666667,1
9748480,0.63,0.933983,0.666667,1
9750528,0.63,1,1,1
9752576,0.65,0.93155,0.666667,1
9754624,0.66,1,1,1
9756672,0.67,0.986743,0.714286,1
9758720,0.67,,,
9760768,0.68,0.995325,0.75,1
9762816,0.68,,,
9764864,0.7,0.9723,0.75,1
9766912,0.7,,,
9768960,0.67,0.808186,0.428571,0.857143
9771008,0.66,0.8127,0,1
9773056,0.68,0.967183,0.833333,1
9775104,0.66,0.855933,0.333333,1
9777152,0.68,0.998475,0.75,1
9779200,0.67,0.986675,0.75,1
9781248,0.64,0.75368,0.4,1
9783296,0.64,0.841333,0.333333,1
9785344,0.64,1,1,1
9787392,0.65,0.930443,0.571429,1
9789440,0.65,0.9212,0.5,1
9791488,0.66,0.98812,0.6,1
9793536,0.63,0.755733,0.5,0.833333
9795584,0.63,0.747067,0.666667,0.666667
9797632,0.64,0.99878,0.8,1
9799680,0.63,0.876,0.5,1
9801728,0.62,0.84124,0.4,1
9803776,0.62,0.9878,0.666667,1
9805824,0.59,0.863567,0.333333,0.833333
9807872,0.57,0.707167,0.333333,0.666667
9809920,0.58,0.997967,0.666667,1
9811968,0.53,0.89588,0,1
9814016,0.53,0.950267,0.666667,1
9816064,0.53,0.94826,0.8,1
9818112,0.55,0.87005,0.5,1
9820160,0.53,0.9706,0.333333,1
9822208,0.53,0.9216,0.4,1
9824256,0.5,0.925925,0,1
9826304,0.5,0.83905,0.5,1
9828352,0.5,0.91098,0.8,1
9830400,0.5,0.985233,0.666667,1
9832448,0.5,0.91745,0.5,1
9834496,0.53,1,1,1
9836544,0.54,0.9122,0.6,1
9838592,0.51,0.59768,0.2,0.6
9840640,0.51,0.981533,0.666667,1
9842688,0.54,1,1,1
9844736,0.55,1,1,1
9846784,0.54,0.9386,0.5,1
9848832,0.51,0.716633,0,1
9850880,0.54,1,1,1
9852928,0.55,0.994767,0.666667,1
9854976,0.54,0.96294,0.4,1
9857024,0.55,0.846625,0.75,1
9859072,0.56,0.994967,0.666667,1
9861120,0.58,0.99476,0.8,1
9863168,0.6,0.996767,0.666667,1
9865216,0.61,0.935,0.8,1
9867264,0.61,1,1,1
9869312,0.62,0.988667,0.666667,1
9871360,0.64,0.98422,0.8,1
9873408,0.65,1,1,1
9875456,0.69,0.9715,0.8,1
9877504,0.7,0.830475,0.5,1
9879552,0.69,0.986633,0.666667,1
9881600,0.69,0.99878,0.8,1
9883648,0.7,0.9313,0.75,1
9885696,0.68,0.86798,0.4,1
9887744,0.69,1,1,1
9889792,0.69,0.834175,0.25,1
9891840,0.71,1,1,1
9893888,0.68,0.81974,0.4,1
9895936,0.67,0.893067,0.666667,1
9897984,0.69,1,0.8,1
9900032,0.7,0.918433,0.666667,1
9902080,0.68,0.8803,0.25,1
9904128,0.66,0.93566,0.4,1
9906176,0.67,1,1,1
9908224,0.66,0.95406,0.4,1
9910272,0.65,0.822833,0.333333,1
9912320,0.67,1,1,1
9914368,0.65,0.914675,0.5,1
9916416,0.66,1,1,1
9918464,0.65,0.946967,0.666667,1
9920512,0.64,0.924425,0.5,1
9922560,0.63,0.940083,0.666667,1
9924608,0.61,0.7709,0,1
9926656,0.62,1,1,1
9928704,0.61,0.88755,0.25,1
9930752,0.62,1,1,1
9932800,0.59,0.898167,0.333333,1
9934848,0.6,1,1,1
9936896,0.62,0.975333,0.833333,1
9938944,0.6,0.8573,0,1
9940992,0.61,0.918425,0.75,1
9943040,0.59,0.8598,0.4,1
9945088,0.58,0.74985,0,1
9947136,0.58,0.891825,0.75,1
9949184,0.58,0.892475,0.75,1
9951232,0.59,0.929725,0.75,1
9953280,0.61,0.998475,0.75,1
9955328,0.61,0.99335,0,1
9957376,0.59,0.969867,0.666667,1
9959424,0.61,0.862425,0.5,1
9961472,0.62,1,1,1
9963520,0.61,0.997667,0.666667,1
9965568,0.61,0.93622,0.6,1
9967616,0.61,1,1,1
9969664,0.6,0.872017,0.333333,1
9971712,0.6,0.83875,0.5,1
9973760,0.6,0.99878,0.8,1
9975808,0.6,0.949,0.333333,1
9977856,0.59,0.904467,0.666667,1
9979904,0.6,1,1,1
9981952,0.61,0.936783,0.666667,1
9984000,0.63,0.9239,0.75,1
9986048,0.63,1,1,1
9988096,0.62,0.9969,0.6,1
9990144,0.62,0.712425,0.25,0.75
9992192,0.59,0.880775,0.25,1
9994240,0.62,0.9925,0.8,1
9996288,0.64,0.9969,0.666667,1
9998336,0.63,0.963175,0.5,1
10000384,0.62,0.809675,0.5,0.75
10002432,0.6,0.96116,0.4,1
